timestamp,local_index,return_1,return_5,ma_5,std_5,prediction
2021-05-15,5,0.013838622298139258,-0.041573925613088036,103.22601805041408,1.6356864106711824,0.0028038016
2021-05-16,6,0.00915184981971695,-0.01495947002504694,102.911703461234,1.3160331399310166,7.003831e-05
2021-05-17,7,-0.0069948023328478826,-0.01875274518641179,102.51893161395887,0.8508315937248075,0.00028995267
2021-05-18,8,-0.014825034560409067,-0.013864900828734483,102.23425770050495,1.0142847156283403,-0.006340299
2021-05-19,9,-0.029445288378416423,-0.028572790949030424,101.6562551653513,2.0669531920302453,-0.0068035508
2021-05-20,10,-0.005234955079326364,-0.04684847273003123,100.69543668292927,2.598565227690828,0.003629857
2021-05-21,11,0.0244041501224741,-0.032442560150521715,100.02398069615951,2.0799330615604177,0.0040039043
2021-05-22,12,0.004548842714636514,-0.021194744252966857,99.58838645034527,1.5150521718432348,-5.792641e-05
2021-05-23,13,-0.005395722860494945,-0.011826398351247103,99.34893370299065,1.2631031352588993,0.000646492
2021-05-24,14,0.004850802095003104,0.02309228355280224,99.8027229752361,1.1767346310699296,-0.00067037996
2021-05-25,15,-0.015409583529944482,0.012627919219740713,100.0495766828117,0.64589398670785,0.0024579256
2021-05-26,16,-0.002773233626976457,-0.014237041794671557,99.76447554630545,0.8767776929094804,0.00040220033
2021-05-27,17,0.0011947747301574996,-0.017528385966117943,99.41186753618338,0.8183766496916756,0.00014793262
2021-05-28,18,-0.0006610065182104385,-0.012851425979403253,99.15473804648249,0.7726579243146153,0.0009027721
2021-05-29,19,0.008108061216900886,-0.009651549250745295,98.96069450896384,0.34749779597028213,-0.0017203502
2021-05-30,20,0.003646452262360489,0.009515929132795753,99.14906330223673,0.5524011424046222,0.0009967762
2021-05-31,21,0.0068832601810799865,0.019291423180414213,99.5298799723617,0.7769864523587219,-0.0007371703
2021-06-01,22,-0.006683722822307558,0.011270521368436759,99.75262820373604,0.6752031240365544,0.0018265918
2021-06-02,23,0.009178154084105383,0.021227155840854328,100.17187996871841,0.5363641873835205,0.0032003648
2021-06-03,24,0.01648936947623958,0.02971753492340823,100.76358186425776,1.0605368464196312,-0.00166097
2021-06-04,25,-0.00950149519651411,0.016228051633613516,101.08787466942859,0.9820925622153296,-0.005162284
2021-06-05,26,-0.00867695655714551,0.0005234219469107959,101.09840645435652,0.9758839912643215,0.0014727514
2021-06-06,27,0.013557843363202426,0.020911853638611255,101.5163620423064,0.7795814899248031,-0.00169126
2021-06-07,28,-0.0017134398669506057,0.009893623284880304,101.71591621619375,0.6887422886928737,0.0019176991
2021-06-08,29,0.014238213920665599,0.007657074916678441,101.8729059248166,0.9541327422965834,-0.0025117155
2021-06-09,30,-0.004225357118921691,0.013024612410516667,102.13740668208999,1.019440122605307,0.0012093361
2021-06-10,31,0.01475045576270717,0.03696488641310336,102.88156731065051,1.0273365582894864,0.0011602169
2021-06-11,32,0.0015148581680546336,0.024643781251978192,103.38441122319287,1.113421468495944,0.0017885427
2021-06-12,33,0.002782288233226904,0.029258207634151212,103.98038725419754,0.8520481328710093,0.0030044832
2021-06-13,34,0.015847180216699064,0.030891001334161228,104.61858171711268,1.2935918781228595,-0.0014923468
2021-06-14,35,-0.00341770477444181,0.03172713583515807,105.27128076098226,0.9675020089322125,-0.005170847
2021-06-15,36,-0.009211220959249644,0.0073645825061516845,105.42502168804882,0.84328428368052,-0.0058787027
2021-06-16,37,-0.0042856420802835915,0.0015302022537386772,105.45701414524731,0.8032412902795765,-0.0025892262
2021-06-17,38,0.004723339506431223,0.003468829907067539,105.52973993059322,0.7464551968182822,-0.007065238
2021-06-18,39,-0.015457590721805081,-0.0274544846189112,104.94502108725428,0.929931685214576,-0.0077637476
2021-06-19,40,0.0065747090265111385,-0.017703079966725044,104.56927385273477,0.6800275997802046,-0.00027963665
2021-06-20,41,-0.005187713176177389,-0.013714056890718473,104.28087469483884,0.6793866240154322,0.0011096082
2021-06-21,42,0.011678126607335582,0.0020985509424573667,104.32481694852186,0.7189553757040728,-0.0053006606
2021-06-22,43,-0.023742603049004662,-0.02629302578753767,103.77165809340613,0.9212689221048936,-0.00826314
2021-06-23,44,-0.007665657751041555,-0.01858684735913374,103.38666808162074,1.3373705142373788,-0.0023707626
2021-06-24,45,-0.016664681512340906,-0.041245318041598034,102.52673550628985,1.907454155517378,-0.0068035508
2021-06-25,46,-0.008062294663639502,-0.04401570849241809,101.61380318830523,2.261806542034606,0.00035804225
2021-06-26,47,0.0026766590110895994,-0.05252163680717137,100.51172730946153,1.4454865988945154,0.004362213
2021-06-27,48,-0.0015922662544975985,-0.03102426847400941,99.87619280774308,1.0336683112775142,0.0017067334
2021-06-28,49,-0.002333775689480233,-0.02581789386713762,99.35136551096778,0.3621615045811625,0.0011418931
2021-06-29,50,-0.001391848713800714,-0.01068722567840652,99.13773551995757,0.20382754956773097,0.0014349115
2021-06-30,51,0.0022338824061993723,-0.00041829503178425487,99.12944151392063,0.2045232113222386,0.002314327
2021-07-01,52,-0.009885360419431,-0.012941539377162692,98.87214820981106,0.44152513577423197,0.0019540326
2021-07-02,53,0.00726849640899041,-0.004181500307998021,98.78914734535844,0.3891794708563999,-0.0005045458
2021-07-03,54,0.006826659703854876,0.0049619695295426425,98.88741030596682,0.5054581446207035,-0.0002093776
2021-07-04,55,0.004050379376560942,0.010438824743747022,99.09384489407134,0.6810634257357894,0.0011661456
2021-07-05,56,0.005765334427512592,0.013999187541987146,99.37130642051564,0.9232843957043831,-0.0010480161
2021-07-06,57,0.0031641800080866034,0.02736352219812832,99.90828556662468,0.7834107281348808,0.005181928
2021-07-07,58,0.020550733027310475,0.04091073969129355,100.71694937060988,1.3072712377063465,0.002152095
2021-07-08,59,-0.0006709417105250637,0.03315932214693862,101.37686896429446,1.375105777278501,0.00041877868
2021-07-09,60,-0.0028708321833458283,0.026037454170444452,101.89715168464059,1.1562859797469343,-0.0018672582
2021-07-10,61,-0.0073352758035737375,0.012672789164134501,102.15184043127537,0.8735624778408078,-0.0024698009
2021-07-11,62,-0.010122626705778348,-0.0007399581031233282,102.13692222206318,0.9024837866808162,-0.0025716263
2021-07-12,63,-0.01224471787601078,-0.0328512315392504,101.46100141267878,1.3601058520522897,-0.0053608725
2021-07-13,64,-0.00868797313230929,-0.04061009935358317,100.62600092355714,1.5894166546346542,0.003563683
2021-07-14,65,-0.0005068038165206845,-0.03833554454847221,99.84003134828197,1.3818182296739299,0.0023881388
2021-07-15,66,0.0035429512849771694,-0.027797037362314314,99.27430657391884,0.8912600526784943,0.0014247347
2021-07-16,67,0.0007114205855216493,-0.017156433628837564,98.92867365519407,0.3660129884134314,-0.0015896525
2021-07-17,68,-0.007455352774296986,-0.012390884142633007,98.68210393556178,0.2966087116048412,-0.0006693018
2021-07-18,69,0.009201845640199435,0.005432109649334826,98.78925989965785,0.36327053581061836,-0.00029828885
2021-07-19,70,0.00759412672300952,0.013581175309395066,99.05703181041565,0.5930724196023007,0.0020451935
2021-07-20,71,-0.001396483074220134,0.008592332852030982,99.22704190921738,0.6654357249371174,0.0011693595
2021-07-21,72,-0.00632916144664708,0.0014963040565305619,99.25666922706907,0.65612508574886,0.0017429756
2021-07-22,73,0.00568427920829806,0.014754441011894492,99.54663403714986,0.36192356913507395,0.0018178838
2021-07-23,74,0.0020797358748609884,0.0075931456328053315,99.69723311084287,0.31898285327954917,-0.0015191092
2021-07-24,75,-0.014281272594150463,-0.01428223238436932,99.41181449638029,0.5911804409286161,0.0027890352
2021-07-25,76,-0.00047980255984403364,-0.013377380503786007,99.14485192923341,0.6776588380264162,0.0009027721
2021-07-26,77,0.002820358120743771,-0.004292759508111699,99.05972668064746,0.7031359839234672,0.0010523926
2021-07-27,78,-0.008796947864877502,-0.018630323439526753,98.6881881233517,0.7598999461374832,0.0019721338
2021-07-28,79,0.002098433928374499,-0.018612011820129726,98.316242806218,0.3507566307892958,-0.0018442079
2021-07-29,80,-0.014348224852577918,-0.01867866992489664,97.94829625986036,0.7979014312123692,0.002164107
2021-07-30,81,0.0135618610001218,-0.004892671406384719,97.85196296668826,0.7503724081512214,0.0023522493
2021-07-31,82,0.012679499850594356,0.004890640339901164,97.94852785117432,0.9056736499949123,-0.0018629215
2021-08-01,83,-0.0023251733430295074,0.011451784022203704,98.17265232291743,1.009649445203258,-0.00282431
2021-08-02,84,0.00383454337839062,0.013204097907769885,98.43161385128585,1.1324497756315661,-0.002013927
2021-08-03,85,-0.023899219657998794,0.003386120281238414,98.49707029452894,1.0064698734574742,-0.0041066315
2021-08-04,86,-0.011363476602653355,-0.021288977269561693,98.07995599312333,1.5613753501423804,-0.0030933092
2021-08-05,87,-0.0027377892015214567,-0.036189121627330456,97.36191317476182,1.7299308154803843,-0.00018793513
2021-08-06,88,-0.010521330214268487,-0.04410707740037423,96.48880189947053,1.811181032529367,-0.0010707582
2021-08-07,89,0.007343964826306504,-0.04076526061730956,95.67874845242868,0.8689927550870622,0.0021010963
2021-08-08,90,0.02017296530748003,0.0025454012639098966,95.72811973012763,0.9633850508145967,0.00096044235
2021-08-09,91,-0.011566147194293053,0.0023398793508395688,95.77298891983826,0.9773091257273196,-0.0037089696
2021-08-10,92,-0.008174634040852058,-0.003124647772814848,95.71323516609515,0.9981584923030212,-0.0038132383
2021-08-11,93,0.0025544836830992956,0.01004891218620707,95.90338222491918,0.8080980252264831,0.0016476385
2021-08-12,94,0.01631116148499623,0.01904018780479011,96.2663094747023,0.8770471257281528,-0.0030404795
2021-08-13,95,-0.012023743125399,-0.013120770114976366,96.01116775005998,0.6936596390354207,-0.0021827477
2021-08-14,96,0.0026903612230693152,0.0011133154617561924,96.03256648070528,0.6988558282892239,0.0015742732
2021-08-15,97,0.018412988508131,0.027949917825235593,96.56539261491127,0.977797483801847,0.0015482622
2021-08-16,98,-0.01631759148179268,0.008599799272402509,96.72975456328989,0.8238075854525994,-0.001529037
2021-08-17,99,-0.01261069206845844,-0.02010260683516918,96.33928063612329,1.0294853705112055,0.00082426885
2021-08-18,100,-0.004036066064608379,-0.01218024648000049,96.1055356811842,1.2486229729361904,-0.00051855453
2021-08-19,101,-0.005005884128554072,-0.019762351066102912,95.72526607114142,1.4772214479581367,9.291173e-05
2021-08-20,102,0.008326012877536426,-0.029471215140462248,95.14773549540791,0.7689924570687096,0.001540144
2021-08-21,103,0.0026165971982083924,-0.010790211014766737,94.93973623937141,0.4064112535424116,-0.0023357875
2021-08-22,104,-0.0175496205964214,-0.01573824560225312,94.64018123301705,0.6655846314335785,-0.0014437761
2021-08-23,105,0.0053541040290083775,-0.006458406267191408,94.51775084196552,0.6884812395319989,-0.00014451059
2021-08-24,106,-0.005575388873556464,-0.007027079632151434,94.38520708905155,0.7943091724132035,0.00063746347
2021-08-25,107,0.012944472169412302,-0.0024789424700777385,94.33806033395553,0.7472883719770583,-0.0015882276
2021-08-26,108,-0.006075875364369043,-0.011127237787951882,94.12587878374048,0.5003029895262319,-0.0009432485
2021-08-27,109,-0.006166152831022398,0.00033064491911738436,94.13207309076,0.49339283645254234,0.00019043109
2021-08-28,110,0.005611316108045328,0.0005865717849580232,94.14312077105401,0.49511448485952647,-0.00076834235
2021-08-29,111,0.00782926482336932,0.014074287533845542,94.40672247448218,0.5150995430003332,0.002187711
2021-08-30,112,0.004680993639362141,0.005801592106656983,94.51678883935128,0.671033127093006,-0.0011141867
2021-08-31,113,-0.016655973173848038,-0.0049049386612920465,94.42429895327518,0.7397647511982351,-0.00096631976
2021-09-01,114,0.005580344399282566,0.00685646533516282,94.5527905517714,0.6304549135886621,-0.001151061
2021-09-02,115,-0.010143080516743952,-0.008917438403823419,94.38473815247022,0.8219644164753304,0.0003970779
2021-09-03,116,0.0025527611158826513,-0.014106264520719392,94.1168191067645,0.8038433282831049,0.0012356596
2021-09-04,117,-0.014037344353990622,-0.03247457474363036,93.4971451800137,0.7511165567719552,0.0020484861
2021-09-05,118,0.0046632214754307455,-0.011498332140375545,93.28139056992867,0.7891798876767003,-0.0014179677
2021-09-06,119,-0.007865989043073562,-0.02471629439311418,92.81502619268566,0.6869866902538387,-0.002407542
2021-09-07,120,-0.01262634650260519,-0.02716300038165509,92.30769428942035,1.0168427946682514,0.0011295615
2021-09-08,121,0.007338201364823771,-0.022519401047839338,91.88601865545868,0.7310040577961293,0.000519571
2021-09-09,122,0.0026164452167676266,-0.006008880987845799,91.77508182859688,0.6914579526149994,0.0013012782
2021-09-10,123,-0.0059397680139290365,-0.016499239510102792,91.46905002058209,0.45524161816719605,0.00020105642
2021-09-11,124,0.014711788490210598,0.005882073023210532,91.57729391042042,0.642394650659409,-0.0014207641
2021-09-12,125,-0.004206524215697449,0.01445972573497012,91.84002687664187,0.5291945395808094,0.0025648077
2021-09-13,126,0.0005210767397092475,0.0075944064528015165,91.97902971050699,0.5140609210321595,-0.00034713984
2021-09-14,127,0.0028891344767860705,0.007868449606996064,92.12342526040473,0.5366665104709177,0.001155955
2021-09-15,128,-0.005996659341286237,0.00781076801783831,92.2659108948372,0.2539932926061972,0.0016824659
2021-09-16,129,0.004911362933999186,-0.001923005176423076,92.23031495203068,0.2128578109298064,-0.0010758478
2021-09-17,130,-0.005134523471647223,-0.002853132488060073,92.17772397216552,0.26059906878256617,0.0011545114
2021-09-18,131,-0.003916383222162256,-0.0072756273295565554,92.04354452104462,0.38284197549774285,0.0020352344
2021-09-19,132,0.013826426398033442,0.003550809898620555,92.10921889073859,0.48935407369077344,-0.0047028093
2021-09-20,133,-0.010205860525124177,-0.0006988209469533935,92.0963712835477,0.496245165584314,-0.0015509668
2021-09-21,134,-0.023927803309294893,-0.029376984905303938,91.55363193059893,1.1580737081062638,7.371784e-05
2021-09-22,135,0.01630936995011889,-0.008455627214779216,91.39821644822428,1.15199174312781,0.0038070509
2021-09-23,136,0.025693279526070034,0.021019101596693623,91.78303712518138,1.4847900112549552,0.0034557413
2021-09-24,137,-0.003852692654493284,0.0032145565759418293,91.84270340093782,1.541119806408488,0.00047006493
2021-09-25,138,-0.019168380406201724,-0.005869484286402105,91.73487015469001,1.5584410455340663,-8.75477e-05
2021-09-26,139,-0.0029048397619594324,0.015542425267009108,92.01358074119466,1.1714398232743424,0.0031075373
2021-09-27,140,-0.0026622294984067763,-0.0034148575100803047,91.95134595615465,1.2369781377004168,0.0008607006
2021-09-28,141,-0.001699238410222459,-0.0300300035148503,91.3899962495332,0.9908217508252928,-0.0018754409
2021-09-29,142,-0.010933880419218611,-0.03692510790414427,90.70241590154905,0.6309039850949275,-0.0002918574
2021-09-30,143,0.005995611424764791,-0.012216678614980658,90.4792903590733,0.5499450361350071,-0.00016294526
2021-10-01,144,0.005445073752860852,-0.003944744667394473,90.40745278692148,0.4742237314700455,-0.000887504
2021-10-02,145,-0.014744056198193078,-0.016011034879473418,90.11665277575659,0.5944199606635158,3.0087547e-05
2021-10-03,146,0.007191967316948933,-0.0072472948736852505,89.98524763684772,0.511676036189004,0.0011770299
2021-10-04,147,0.020726849819458826,0.02453144566597021,90.42517896059935,0.937704546701081,0.0016991729
2021-10-05,148,0.001919603324370689,0.020380335637042224,90.792858244511,1.1628893936074007,0.00020981679
2021-10-06,149,-0.003173251620685047,0.011633990394666949,91.00388857578672,1.2343686195573615,-0.0009375979
2021-10-07,150,-0.0012200321440751782,0.025520090251388794,91.45997531921124,0.8291535983198564,0.001212543
2021-10-08,151,0.006352567669685616,0.02466541583980497,91.90395790735604,0.23181355639019072,0.0011878866
2021-10-09,152,-0.01710671605507219,-0.013314134239029274,91.65933339830339,0.6130807264220768,-0.0009092519
2021-10-10,153,0.0018439070297731064,-0.01338867960546597,91.41286703408755,0.6658117002954526,0.0012205085
2021-10-11,154,-0.0037046394946281813,-0.013914621844481001,91.15753165125906,0.7440469116917457,0.0010122836
2021-10-12,155,0.01867825012956037,0.0057307513427329315,91.26256349299457,0.8574012997643619,0.0024507502
2021-10-13,156,-0.001541727338049692,-0.002158665850125696,91.22274865103483,0.8047784406084126,0.0016214823
2021-10-14,157,0.016878876111195096,0.03234378643335312,91.80909848073243,1.2318169310077796,-0.00064405747
2021-10-15,158,-0.010837406977820097,0.019276405748908765,92.1591984423167,1.120798336720855,-0.0014797748
2021-10-16,159,0.006072591668027982,0.02927916339759773,92.68899944413504,0.6539682137594423,0.0015089402
2021-10-17,160,0.00339400263791223,0.013835859813404516,92.94403298373504,0.6466308075760047,0.0023466726
2021-10-18,161,-0.00849047247864787,0.006780094743262355,93.06881638745898,0.4564102246098195,-0.00029432136
2021-10-19,162,0.001973961146369607,-0.007976797206164288,92.9195304698402,0.36164840160456674,0.0011254331
2021-10-20,163,0.012325188368315976,0.015252783231251454,93.20189300558624,0.5256756152052589,0.000947352
2021-10-21,164,-0.003037917042866045,0.006059143128152478,93.31474221070485,0.5637131591674555,-0.0004776418
2021-10-22,165,-0.01671962649169767,-0.014107910326556006,93.05109603000969,0.7637613843315482,-0.0014076051
2021-10-23,166,2.4371735225514612e-05,-0.005641307311408994,92.94656735528481,0.8624835503728208,0.000476189
2021-10-24,167,-0.008824230947925171,-0.01635743027532155,92.64287965786569,1.1377694698869594,-0.0001207931
2021-10-25,168,-0.003223409386638787,-0.031465483326881594,92.05149974212694,1.0377618254641332,0.0006913158
2021-10-26,169,-0.0006158776968512303,-0.029112506471034028,91.50600520800919,0.5778800490725728,0.00012903882
2021-10-27,170,-0.016856522160155207,-0.029247676760205454,90.96714073697137,0.9784964419127014,-0.0042408723
2021-10-28,171,-0.015956583393206936,-0.04476084799582025,90.14243870257626,1.4052476938278462,-0.00011335468
2021-10-29,172,0.0050206683552551645,-0.0314179170214266,89.56868325103417,1.3948583508951549,-0.0009774447
2021-10-30,173,-0.005027186961696795,-0.03317067351403702,88.96487150604214,1.258553051063388,-0.0012091553
2021-10-31,174,-0.025447443418205706,-0.057193354509449845,87.92441176254331,1.3444372752961251,-0.00049944775
2021-11-01,175,0.008048440366081433,-0.03331020346925739,87.32864825197092,1.1596727293784226,-3.8949074e-05
2021-11-02,176,0.002923697552742466,-0.014762876554538562,87.06882269741737,1.116484482246657,-0.00090449245
2021-11-03,177,-0.006938748240365,-0.0264868754490466,86.60031514397153,0.8580875943758168,-0.001571234
2021-11-04,178,-0.01296830211058242,-0.03425671570971012,85.99741858455381,0.6699497382346867,0.0011090771
2021-11-05,179,0.008558078963143423,-0.000558579424728034,85.98783810427017,0.6745641450991492,-0.0003719963
2021-11-06,180,0.0036935062256042706,-0.004876329831930204,85.90352854434396,0.6274052839429559,0.0015005944
2021-11-07,181,0.024026022826840743,0.01606187656112068,86.1820431186314,1.1560345275572934,0.0038241083
2021-11-08,182,0.004401885987249221,0.027665175022605792,86.65843143403472,1.540176239474083,0.001421991
2021-11-09,183,0.004077031412620391,0.045412219718229396,87.4302789469893,1.4548900843001715,-0.0007726977
2021-11-10,184,-0.0014692793010857574,0.035018447579995726,88.0305626881517,1.1559568968785843,-0.00031652977
2021-11-11,185,0.008367758672008119,0.039838581894570346,88.71599516223318,0.500709977589781,0.0029656496
2021-11-12,186,0.006450852012481523,0.021992023029094643,89.10346417875505,0.6308506638316477,0.0015089402
2021-11-13,187,0.012717250085652054,0.030453014486510055,89.64236594552528,1.0056035363894733,-0.002264802
2021-11-14,188,-0.005013229186372814,0.02112396288623386,90.01770326377238,0.9819534217977244,-0.0019928387
2021-11-15,189,-0.004154074729439516,0.018378419969516724,90.34377710022247,0.6562779235765351,-0.0008683576
2021-11-16,190,-0.004591031709119786,0.0052909800354701275,90.4384363058892,0.5145784371072171,-0.0008756251
2021-11-17,191,0.008108017211789775,0.006946235455009164,90.56351081447181,0.4641445586750914,-0.0007799265
2021-11-18,192,0.015183744402967214,0.009398674343930713,90.73489632965901,0.7902234238503962,-0.00010235475
2021-11-19,193,-0.004388404931492951,0.01003254887681293,90.91692345186712,0.8846255491765647,-0.00070192793
2021-11-20,194,-0.004047737277930952,0.010140401190572357,91.10014312631696,0.8287379330429359,0.00065589143
2021-11-21,195,0.0033407722386977756,0.018189590897764285,91.42728900256155,0.5120433448604509,-0.0005405538
2021-11-22,196,-0.0022576150001289985,0.007720297289286915,91.56726694700112,0.3002976560607918,3.2797605e-05
2021-11-23,197,0.009720536531398816,0.002297253933004839,91.60955125680991,0.3850673345686015,-0.00587175
2021-11-24,198,-0.022317772906190636,-0.015752512034774235,91.32087570254401,0.7425147590568096,-0.0010679065
2021-11-25,199,-0.00806705046916889,-0.01972458887007278,90.9608722459943,1.120870767649529,-0.0035844133
2021-11-26,200,-0.007624163339614465,-0.030437456351836034,90.40348692463473,1.4041132317176974,-0.0034360324
2021-11-27,201,-0.02300356012386129,-0.05059746120574804,89.47901373759814,2.0109882856071075,-0.0020166165
2021-11-28,202,-0.009436384443688106,-0.06860999908252197,88.21324549161803,1.818307226390717,-0.0021382566
2021-11-29,203,-0.008951561158459298,-0.05587666341681374,87.20539765402756,1.8484730414572583,-0.0003130739
2021-11-30,204,-0.0018110465451882662,-0.04992218907338186,86.31221467000896,1.5417043021191248,0.00071187515
2021-12-01,205,0.011329658916602536,-0.03177623540074981,85.74802459080307,0.7028773548363831,0.0018517969
2021-12-02,206,-0.002250606511907005,-0.011209627322559368,85.55357494497719,0.45178811700970123,-0.0016454177
2021-12-03,207,-0.01010813720271142,-0.011880177553266869,85.34943815302321,0.4775829592429483,-0.0028173698
2021-12-04,208,-0.000369545412135297,-0.0033235222545558996,85.29284135950189,0.5224120604230289,0.0006590774
2021-12-05,209,0.01069173621441366,0.009160316040515593,85.44855134088597,0.5261902857425033,-0.0019720003
2021-12-06,210,-0.009559588161149102,-0.011684122760394433,85.24769069708968,0.4738415838414901,-0.0032440447
2021-12-07,211,-0.008905748839214467,-0.01827634207948925,84.93421094856225,0.5599416977654872,-0.000596497
2021-12-08,212,0.005785489592742277,-0.002513863346545686,84.89152846993451,0.57176405457771,-0.0011462665
2021-12-09,213,-0.0020153611573079377,-0.004156148634835044,84.8209879729274,0.5973751550151627,-0.00019619381
2021-12-10,214,0.006674846907094745,-0.008114026566330534,84.68179971968712,0.35134572834049815,0.0003874306
2021-12-11,215,6.35320820470131e-05,0.0015231387550749265,84.7076779146201,0.37968132102269453,-0.00031959842
2021-12-12,216,0.007216636480895655,0.01781517347438033,85.00766290398661,0.45676128626209866,-0.0017001902
2021-12-13,217,-0.010150781140406573,0.0016882971885012754,85.036256167813,0.43514591629399074,-0.0016138853
2021-12-14,218,7.915349211740086e-05,0.003790584870055458,85.10032472083437,0.35440539582049796,-0.00087499944
2021-12-15,219,-0.0019069001436315958,-0.004766574293821546,85.0192222146666,0.4047056762977087,-0.000999285
2021-12-16,220,-0.01195890924104126,-0.01673094963547439,84.73452967230148,0.7252959669347259,-0.003964668
2021-12-17,221,-0.015434779478686877,-0.0388438054534721,84.0687965580412,1.0704405862934752,0.0016463834
2021-12-18,222,0.00705749035274672,-0.022134354733151063,83.69329278947919,1.0687115069981792,0.0010039974
2021-12-19,223,-0.0033095238221797496,-0.025447763593815287,83.26154370008157,0.9201930725530114,-0.0024887067
2021-12-20,224,-0.010022802816473275,-0.033372245890517904,82.69642679811048,0.6749284045154792,-5.904858e-05
2021-12-21,225,-0.0007617893692334343,-0.022417795781700778,82.32134950172149,0.5089375963220859,0.0022833825
2021-12-22,226,0.011480188573492978,0.004306278201923863,82.39228676705021,0.5402847823697384,-0.0055345125
2021-12-23,227,-0.022607378453719296,-0.02527754821292627,81.97295132519368,0.7683772210455035,-0.0026393433
2021-12-24,228,-0.014766386899033201,-0.03648189092008691,81.36974724349481,1.164448342573461,0.002317269
2021-12-25,229,-0.009028864418952787,-0.03551451748154166,80.78842352761444,1.5354748466470054,0.0030642042
2021-12-26,230,0.014811788667203452,-0.020482576381601114,80.45340738140118,1.4449005054905992,0.0022744231
2021-12-27,231,0.003025869829192951,-0.0286697387288386,79.97909739190189,0.7248219404258669,0.003381589
2021-12-28,232,0.007873172404612161,0.0016217539387373137,80.00532100651647,0.7654222003430347,-0.0019199543
2021-12-29,233,-0.01120160919126223,0.005245827308322459,80.08889300779711,0.7400977190996214,-0.004830184
2021-12-30,234,-0.010995358752705298,0.0032510061147956737,80.14021761139473,0.6426891853264082,-0.0028465115
2021-12-31,235,0.004678137167227092,-0.0067672023613988275,80.03179933853124,0.6936732440484739,-0.00022174168
2022-01-01,236,0.0007827433093545721,-0.008988428050359154,79.88735876579304,0.6865067170729083,0.0041059796
2022-01-02,237,0.005687388188641229,-0.011137644351695952,79.7069719939579,0.3754236623339839,0.0010052493
2022-01-03,238,-0.0016767099092844795,-0.0016121289090729185,79.68115421622377,0.34729668309790257,-0.0016131205
2022-01-04,239,0.0029814372645464715,0.012497272643115398,79.87909380604951,0.27387892824389776,0.0017392797
2022-01-05,240,0.0017811908490508177,0.009577780183154916,80.03150232349893,0.26634234211044183,0.0013968816
2022-01-06,241,0.007977673890849468,0.01683594095141272,80.2996176095211,0.39809056310352214,0.000109053435
2022-01-07,242,0.008270082819444635,0.019447266056953794,80.61108009207533,0.6866780749794056,-0.00031966652
2022-01-08,243,-0.015998719943917772,0.004822210106470548,80.68818189205209,0.6105381807085327,-0.0033251964
2022-01-09,244,-0.022272685553408444,-0.020478261628525618,80.35978096787399,1.1519122391335113,-0.0019297263
2022-01-10,245,0.010217453976514745,-0.012229451210185704,80.16331328396976,1.2396255873200572,0.0010727728
2022-01-11,246,0.012077250932619465,-0.00821205918926493,80.03033303538774,1.1653705505672243,0.0019344308
2022-01-12,247,-0.010006230195133359,-0.026189610203824487,79.60272979740402,0.745514836801349,0.00017974668
2022-01-13,248,-0.018398354065456313,-0.02856439231704533,79.14381442749858,0.880029438176841,-0.0015129938
2022-01-14,249,0.001190348210071912,-0.005252343931639203,79.06130975993747,0.9658488314862509,0.0025972237
2022-01-15,250,0.009508382263505366,-0.005950557392240152,78.9668823933637,0.9543996560474658,0.0026465117
2022-01-16,251,0.01817594522434307,3.9502808931723976e-05,78.96751682067575,0.955509068938372,0.0039217956
2022-01-17,252,0.005362975721014518,0.015564664190484745,79.21498884426525,1.2439560328287835,0.0028098063
2022-01-18,253,-0.0035171669658567994,0.03096073431949553,79.69819547476308,1.1357384066612262,0.0001031795
2022-01-19,254,-0.008731306215848722,0.020744059587364472,80.02233503446247,0.7369251894884195,0.00056895707
2022-01-20,255,0.00031451291670658854,0.011447863849667561,80.20291629141309,0.43174581139049334,-0.00060740305
2022-01-21,256,-0.0027926470388525138,-0.009382168476298358,80.05222981565643,0.5114555341860102,0.0007211791
2022-01-22,257,-0.009950679057288192,-0.02447122571784377,79.6570910318293,0.606138330658495,0.0011545102
2022-01-23,258,0.020687556508632854,-0.0007754795994574515,79.64461334347132,0.5860063065269228,0.004162233
2022-01-24,259,0.018051684020721215,0.026222468325100445,80.06285637829659,1.1520282182872754,0.0035680532
2022-01-25,260,0.011560486835554329,0.03775971082703,80.66530550223271,1.645277551146873,0.0016156082
2022-01-26,261,-0.009008503978091165,0.031291080325407616,81.1631546259436,1.5998970076668222,0.0015109503
2022-01-27,262,0.00875019324297277,0.050770961165283124,81.96289570648408,0.9758254895454307,0.0018992212
2022-01-28,263,0.006596264094979043,0.036264346698262395,82.54594691261951,0.5982334817825369,0.0043245773
2022-01-29,264,0.004625456242040471,0.022597927423017028,82.9158306832154,0.6239716141575115,0.005227497
2022-01-30,265,0.012696652670437736,0.023746490304901835,83.30900754693533,1.0173347105843078,0.0017791181
2022-01-31,266,0.0065537114286129405,0.03982307972866206,83.96242885756605,1.0476835071756612,0.0040598023
2022-02-01,267,0.007600142363043405,0.038637603427568834,84.60194610651834,1.1034307639473133,0.003946594
2022-02-02,268,0.00656906283372205,0.03860953631286779,85.24521415788955,1.0953021886587901,0.0032876513
2022-02-03,269,0.0036079140800211462,0.03755757312946706,85.87384993834776,0.8548924922471065,0.0038621265
2022-02-04,270,-0.01763611129714171,0.006480163240217163,85.98369154976776,0.6950942701744972,-0.002460328
2022-02-05,271,0.0010362107741055393,0.0009630657456931591,86.00012292222203,0.6758215011012889,0.00061039627
2022-02-06,272,-0.005361919588491193,-0.011913614917496762,85.79531361790282,0.8301011340929332,-0.0008761444
2022-02-07,273,-0.012598409576400238,-0.030729133121054963,85.26357278559624,1.0670519041164166,0.001185859
2022-02-08,274,0.017018166193008222,-0.017777694109600728,84.95483540954154,0.6356093187571209,0.002302942
2022-02-09,275,0.017489953408857284,0.01734330806601725,85.250717111093,1.047896229779085,0.0034224452
2022-02-10,276,0.013792206002956053,0.030307101227663003,85.76830053152943,1.6178714447383813,-0.00082511426
2022-02-11,277,0.0027521341685587952,0.038712135551477456,86.42587988522634,1.8451632090526677,0.0025538318
2022-02-12,278,0.01370625120952651,0.06638372393547565,87.53929336031328,1.5704270648356147,-0.0012372737
2022-02-13,279,0.0003205318060182094,0.04887559465085878,88.37300454227511,1.118750537737889,-0.00042779077
2022-02-14,280,0.002227972768977793,0.03314284076412721,88.94823706458995,0.7850871020489895,0.0022098143
2022-02-15,281,-0.01073471370461987,0.008147766475891105,89.09160143209253,0.6093283430185605,-0.0013926905
2022-02-16,282,0.0041699130449883715,0.009573174170300236,89.26051020435523,0.3818508731985823,-0.0012434631
2022-02-17,283,0.0008038592842440906,-0.003276612200114548,89.20190537395142,0.3718829780344821,-0.0014085182
2022-02-18,284,-0.012826521168344596,-0.016376388485354942,88.90890667989751,0.6165997445115644,-0.0003560055
2022-02-19,285,-0.00031197111816583245,-0.018869183385515464,88.57055590324659,0.5655339340763722,0.00022126886
2022-02-20,286,-0.0005972956385680295,-0.008815122656512964,88.4141852675327,0.6273929831344532,0.0017277242
2022-02-21,287,0.018175611666446212,0.005009466678298047,88.50341827678942,0.7605799074129858,0.0030910973
2022-02-22,288,0.009142133285134024,0.013382780019280949,88.74199570775775,1.1137156601782434,-0.0017191332
2022-02-23,289,0.00031445439091459804,0.026872646420643465,89.21491489611978,1.213548749007378,7.611772e-06
2022-02-24,290,0.0026878730980108845,0.029954065703577948,89.74189809242212,1.1021962499003795,0.00024975534
2022-02-25,291,0.0006421237810416702,0.031231373704414978,90.29102483756722,0.4597329960366158,0.0003368411
2022-02-26,292,-0.0018291398479555188,0.010970107230895865,90.48741289413113,0.14492666457359427,-8.46427e-05
2022-02-27,293,-0.010624271973882826,-0.00883210316658778,90.32785412696792,0.4599389673764518,-0.0005468896
2022-02-28,294,-0.0013105187760692472,-0.010442218095208622,90.13914806889038,0.612958140439746,-0.0008988817
2022-03-01,295,-0.007260982566525076,-0.02026079455158003,89.77202192032624,0.7915326102878301,-0.0025600153
2022-03-02,296,-0.012303155389231546,-0.03293565325197867,89.1748437710132,1.042328685145775,-0.00012757146
2022-03-03,297,0.005312218145475445,-0.02601684508144242,88.70397797409967,0.8024591266001132,-2.8045324e-05
2022-03-04,298,0.004112646599332637,-0.01150920148444956,88.49789175156597,0.655872032628712,-0.00071413943
2022-03-05,299,-0.01766707511368082,-0.027698723592277652,88.00256247487059,0.7230569200379483,-0.0026393433
2022-03-06,300,-0.001026846374951318,-0.021592930962068158,87.61922530788172,0.7261857285248645,0.00042680936
2022-03-07,301,0.010157013858999253,0.00065598932573252,87.63072774245458,0.7276929059365905,-0.0012030241
2022-03-08,302,0.010792237388963288,0.0061106271771773635,87.73844362575342,0.8509970357488165,-0.0004895763
2022-03-09,303,0.010458368428852394,0.012468975706511065,87.95914608661202,1.1782568605954697,-0.0019589816
2022-03-10,304,0.000589132069014564,0.03128524758163764,88.50311576671864,1.215683419700981,-0.00020755913
2022-03-11,305,-0.008250453279691428,0.02382799088944898,88.91699757694133,0.7884379318317914,0.00040447357
2022-03-12,306,-0.010636988273580616,0.0027525727773476394,88.96529418254582,0.6999780900707295,-0.0016380029
2022-03-13,307,0.0036460490475038743,-0.004336776032315304,88.88837995366708,0.7583098619559677,0.0015121428
2022-03-14,308,0.00399280034365157,-0.010707675186234167,88.6964895264691,0.6448021923425014,-0.00071413943
2022-03-15,309,0.01307331111605059,0.0016355555335472172,88.72581730697925,0.7003499713585652,-0.0012030241
2022-03-16,310,0.011199796503420512,0.021279690296401865,89.10424352397047,1.1779684399844652,-0.00082469656
2022-03-17,311,-0.0011222865653117697,0.031101334625844856,89.65144921952437,1.1554467547810092,-0.00091010943
2022-03-18,312,-0.012242058788608845,0.014778598926299846,89.91241611881091,0.8881190318355321,0.00018478034
2022-03-19,313,-0.002991065970108897,0.00771970560501245,90.04927831335547,0.6698171679469106,0.0003940464
2022-03-20,314,0.0023723119481051658,-0.0029247439258135444,89.9967478196123,0.7033627970254619,0.0013438879
2022-03-21,315,-0.0018208324538940834,-0.015763499428685712,89.71045316195655,0.5682660871525202,-0.00052526704
2022-03-22,316,-0.0055789410807766115,-0.02015482980432659,89.34481453682011,0.2829083128976156,-0.00063310086
2022-03-23,317,0.0027288481496989814,-0.0053038524090354144,89.24977268438361,0.25550252964122755,0.0011667322
2022-03-24,318,-0.004839577414106011,-0.0071480758150281876,89.12206657852707,0.34860918774313915,-0.0012786287
2022-03-25,319,-0.006080660837253782,-0.015520763483062305,88.84411787367205,0.4655670219603702,-0.0006557872
2022-03-26,320,0.003314528343034473,-0.010455885111549157,88.65721289150045,0.37684222114684923,-0.002454949
2022-03-27,321,-0.00381992580129209,-0.00870549657924613,88.50246528602906,0.4193375463082843,0.0011783907
2022-03-28,322,0.0026410438897834787,-0.008792299587249364,88.34574818994476,0.2366393010174258,0.0019774872
2022-03-29,323,0.0029320402285213376,-0.0010515503801827863,88.32709568866005,0.20411401160219683,0.0006769706
2022-03-30,324,-0.011194290010915764,-0.006191053892875664,88.21794594519022,0.3863071927440769,-0.0037727987
2022-03-31,325,-0.004612411238653968,-0.014042892223715908,87.96954582676045,0.5637049516392935,-0.0002915922
2022-04-01,326,0.014577769399164664,0.004166002753613007,88.04295538982134,0.6079979960115226,-0.0038816375
2022-04-02,327,-0.011420795127342731,-0.00991722350492108,87.86774144549811,0.6275600642043038,-0.004974814
2022-04-03,328,-0.020966544489705363,-0.03350962674166813,87.27396951759513,1.0362448166732494,-0.0025571978
2022-04-04,329,-0.01841845153242505,-0.04057075360902718,86.56312582937626,1.7352953862956,-0.0033095314
2022-04-05,330,0.0004910994657667533,-0.03565160705307735,85.94135209931964,1.9880061782887146,-0.001166312
2022-04-06,331,0.0005091727803270274,-0.04902370030170922,85.07390162501916,1.4917344957630811,0.0030667053
2022-04-07,332,-0.0009761085542512316,-0.03897630163114296,84.39211151293082,0.6919361273412897,0.0021390005
2022-04-08,333,0.012341898289285114,-0.006280582515304944,84.2845523213388,0.45188134915233574,-0.0002184982
2022-04-09,334,-0.026528344331029352,-0.014490759204418335,84.04095913884785,0.8018625856263584,-0.0018058965
2022-04-10,335,0.004159338744308183,-0.010877449992190313,83.858016763199,0.8869916767695731,0.0017118133
2022-04-11,336,0.015814382018035866,0.004253573292220425,83.92959190451572,0.9284327950151073,-0.004876847
2022-04-12,337,-0.011077807648917193,-0.005901006091722172,83.83039223367157,0.9383706342011335,-0.005271084
2022-04-13,338,-0.003598065117899063,-0.02155372343236961,83.46358855241816,0.6306174071720828,-0.0006557872
2022-04-14,339,-0.007328919172286064,-0.0022561856464319296,83.42621111504454,0.6808560016234613,-0.002267113
2022-04-15,340,-0.008743460460775232,-0.015076549505036785,83.17540433060182,0.966361968160299,-0.00082704495
2022-04-16,341,-0.0030626200502305023,-0.033379501639994036,82.6113362459442,0.8163478132637242,0.0024852038
2022-04-17,342,0.014474852836845242,-0.008403092369159482,82.47090849515587,0.6580004224265267,0.005299929
2022-04-18,343,0.018573866754875157,0.013661918056423472,82.69839730612054,1.0670180158142286,0.0054497044
2022-04-19,344,-0.003159392250401516,0.01791961301566536,82.99459546937906,1.2404281413950369,0.0027791143
2022-04-20,345,0.019250602140644668,0.04666666711653389,83.75921710948651,1.5539971813373812,0.003736476
2022-04-21,346,0.0005557647698462009,0.050465544414288965,84.58355002741372,1.2299870452678496,0.0022941192
2022-04-22,347,0.017736910267010852,0.05384333039361344,85.47578836654814,1.2797358210585892,0.0021778555
2022-04-23,348,-0.0007329864965349708,0.03386795188256908,86.04743865850233,1.3136257352419136,4.4832952e-05
2022-04-24,349,0.0015105782604614149,0.03871138704149324,86.69877595821865,0.8486780456756192,0.003745318
2022-04-25,350,0.0038547447264283274,0.023021572999855744,87.09358145259462,0.7483661047084598,0.0040773517
2022-04-26,351,0.031988536793675415,0.05516011540979382,88.04006846331522,1.4019107164081965,0.0016140495
2022-04-27,352,0.008712855748447934,0.045804237371752654,88.83995921234013,1.9279571597329894,-0.0025390116
2022-04-28,353,-0.00687264529951459,0.03937864630809762,89.52713421268209,1.830426074661898,-2.2273045e-05
2022-04-29,354,0.009889978702758873,0.04807487985534187,90.36732964671066,1.5422561901416068,-0.0012372737
2022-04-30,355,-0.0034183253708435224,0.040481428603134084,91.07754297134798,0.4491248157668584,-0.0010185789
2022-05-01,356,-0.004697501829012074,0.0034934771724728364,91.14079373430835,0.3669495786755059,0.00072176696
2022-05-02,357,0.009286013598921006,0.004063669334753994,91.21500909052052,0.44118261567473227,-0.0029209908
2022-05-03,358,0.0005108558777116023,0.01152847759872433,91.42410826530394,0.3712416213089996,-0.0019395861
2022-05-04,359,0.0029857591451181165,0.0046130562702362266,91.5086056318084,0.4555327376069967,5.5653018e-05
2022-05-05,360,0.0003398522186528474,0.008401520748669622,91.66197026589647,0.4841245762708473,0.0010859007
2022-05-06,361,0.0035658312660542535,0.016773606295355403,91.96672387519494,0.2737540888206392,0.00090431224
2022-05-07,362,0.004449658974361226,0.01190137219453602,92.18496354947695,0.4004264020960382,-0.002001675
2022-05-08,363,-0.019169669327053995,-0.008003209892922802,92.03813088499855,0.6586536664360813,0.00027309786
2022-05-09,364,0.006865726686095641,-0.004165752270743006,91.96147479219177,0.6848904976356115,-0.00040125815
2022-05-10,365,-0.009620194198303067,-0.014080937903884871,91.70227634601228,0.8688532589525642,-0.0016313082
2022-05-11,366,-0.014222991355594128,-0.03155696067042746,91.11931219981015,1.2187762531639843,0.0012158407
2022-05-12,367,-0.00038411243858682553,-0.036217455337088866,90.44727581689521,0.9782061841376757,0.00041134784
2022-05-13,368,0.0010398100331445725,-0.016359236402605615,90.14953952993534,0.9945449942900616,-0.0023297616
2022-05-14,369,-0.006735061645722795,-0.029646300869750064,89.60627567701488,0.6796639267831673,0.00065126363
2022-05-15,370,0.00851031857667972,-0.011882398541297912,89.39062730262495,0.2859214956596359,-0.0018084366
2022-05-16,371,-0.013221751663709203,-0.010878781542570048,89.19600123202534,0.4911363001898548,-0.0011606119
2022-05-17,372,-0.0038694374877255022,-0.014327515203390817,88.93977429392734,0.6537644143834177,-0.0006557872
2022-05-18,373,-0.005648741349330133,-0.02091338820741795,88.56537962409769,0.7706012692925613,-0.00045024673
2022-05-19,374,-0.0002658727033933994,-0.014536543482498998,88.30689690408781,0.8405663975020832,0.00040659972
2022-05-20,375,0.002988642846472267,-0.01993203577507019,87.9494575493386,0.36356661038425303,-0.0006619551
2022-05-21,376,-0.009878929496235367,-0.016611945448833487,87.65549583364471,0.4184181392583399,-0.0022418222
2022-05-22,377,0.007442826774562317,-0.0054443877369168,87.559525812771,0.3250902576388985,-0.001997883
2022-05-23,378,0.0008300236833469476,0.0010357087759862438,87.57767946561918,0.3330597567848595,-0.002285289
2022-05-24,379,-0.01871946253311918,-0.01744190629214515,87.27204323393188,0.7410168719032159,-0.0023108427
2022-05-25,380,-0.019385914403970417,-0.0393607011622058,86.58026048268735,1.3766214343950425,-0.0017923621
2022-05-26,381,7.68070707071189e-05,-0.02970140586994896,86.06340132898455,1.6360138428053053,-0.00074909214
2022-05-27,382,-0.0020096731778634913,-0.03880539387909232,85.38308998844602,1.5101783430903906,-0.000882109
2022-05-28,383,-0.000834201135746504,-0.04040371115738306,84.67417003952555,0.7967622748898271,0.0026439466
2022-05-29,384,-7.982456530208903e-05,-0.022175970224641905,84.29235612201225,0.12185949771766917,0.0011220394
2022-05-30,385,0.002455598395101788,-0.0003966011789713342,84.28566003246155,0.11385722298742444,0.0013635157
2022-05-31,386,0.009676496098482978,0.00919854362585304,84.4409772780891,0.4331869613202407,-0.002192477
2022-06-01,387,-0.010911049009175833,0.00019719833843745427,84.44430027693903,0.43146631594494816,-0.0018704957
2022-06-02,388,-0.011519715929007801,-0.010499346690598266,84.26752286316159,0.6760389986592387,-0.0048054447
2022-06-03,389,-0.010733238578873872,-0.021041748359633572,83.91327139951585,1.0786898296340792,-0.0011727143
2022-06-04,390,0.003089166671687016,-0.020423030789165852,83.56859212639198,1.1623893335232471,0.0022565997
2022-06-05,391,0.012649473786464416,-0.01753868071824949,83.2697277546159,0.7600694281878756,0.00071411557
2022-06-06,392,-0.004113394382394997,-0.01078657543392847,83.08792680041276,0.5361829312318148,-0.0017759376
2022-06-07,393,-0.02481699844159646,-0.02409372033471202,82.6865202550952,0.9376746521636795,-0.0045969314
2022-06-08,394,-0.01683992862610373,-0.030117936852913862,82.19013460218176,1.5678408478556831,-0.0029581548
2022-06-09,395,-0.008130367227960122,-0.040966049909746394,81.51287116244823,1.9883088473736523,-0.0023835178
2022-06-10,396,-0.005377288874952146,-0.05803837142873569,80.54122553387346,1.8285602721070435,0.0007011862
2022-06-11,397,-0.00388388627254721,-0.057821290656986046,79.57719596154318,1.0908998285228368,0.002727586
2022-06-12,398,0.0005858112298091633,-0.03327821885236759,79.03613179706817,0.5757681213622613,0.0049758847
2022-06-13,399,-0.0029174633082246215,-0.019588535084740566,78.72300885524136,0.3548021789573808,0.0039718994
2022-06-14,400,0.010693396105434072,-0.0009822255707234717,78.70743562300933,0.32495756591174907,-0.004939015
2022-06-15,401,-0.006560173056813556,-0.002170336710307308,78.673209870006,0.31519211031715244,-0.0008367068
2022-06-16,402,-0.008423179594755359,-0.006717438664438968,78.56768870662745,0.43525472942413374,0.003932201
2022-06-17,403,0.004988755385204602,-0.0023466314842799374,78.53080495453442,0.440805646154559,-0.0027077189
2022-06-18,404,-0.015156420699261153,-0.014592595703852407,78.30211143338275,0.7441701685423351,0.0016763728
2022-06-19,405,0.004096917053199922,-0.02102404101199795,77.96910169490904,0.6024488306495849,0.0045677447
2022-06-20,406,0.0012255318372627055,-0.013351691154101841,77.75900530800708,0.459782453246599,0.003918288
2022-06-21,407,-0.0012744248991816143,-0.006238468471204239,77.66166635819027,0.4432313146534321,0.0039353026
2022-06-22,408,0.016082761071492646,0.0047316006191402415,77.73586192455579,0.6014392039236083,-0.0037047495
2022-06-23,409,-0.006022074452947224,0.01405040668901858,77.95284508337437,0.561354239792127,0.0047331825
2022-06-24,410,0.020802981705240864,0.030922076511781027,78.4323371392957,0.9800936944314013,0.0029012477
2022-06-25,411,-0.0020543144922809953,0.02754494930000484,78.85998534979697,1.007152456247934,-0.0016059553
2022-06-26,412,-0.012570164449702381,0.015923258203755175,79.10688631659043,0.7051497787329113,0.0012780234
2022-06-27,413,0.0008991958099482389,0.0007420764313266215,79.11857777191906,0.6987325529742506,0.00025314913
2022-06-28,414,-0.010562452003187617,-0.0038291989869974064,79.05861183671375,0.7929632856209825,-0.0017404351
2022-06-29,415,-0.007317558478135089,-0.031271184895577675,78.55871205958675,0.8885659887277342,0.0031271651
2022-06-30,416,0.004170333000155013,-0.025228776498649297,78.15623447312393,0.6206042375154217,0.004356353
2022-07-01,417,0.005755820886501173,-0.00713772586912953,78.04379685924955,0.5270934198699679,0.0024697324
2022-07-02,418,-0.006021677002542525,-0.014003026139472574,77.82301469010667,0.2924737710253835,0.004013705
2022-07-03,419,0.010074051450464028,0.006561717939178813,77.9253788771344,0.4283642575708906,-0.0010838535
2022-07-04,420,0.011775077580211235,0.025921299359208838,78.32679756918469,0.7016592013561839,0.0033654545
2022-07-05,421,0.014563017565632608,0.03653909606446515,78.89500382330084,1.1365731536598873,0.0033705423
2022-07-06,422,0.005494134071257317,0.036269399773087185,79.46226248183567,1.3842394083698621,0.0031392223
2022-07-07,423,0.013834287120856992,0.05697018121671227,80.34791891042363,1.4149881476197022,-0.00053814123
2022-07-08,424,-0.01860798427974053,0.0269564842408474,80.77120514189667,0.977843905122205,-0.0041646073
2022-07-09,425,-0.00297906548628446,0.011980959317074102,80.96155232917722,0.7089506744330007,0.0028298916
2022-07-10,426,-0.00847005256323441,-0.010993491753453322,80.7843499482847,0.9068320803397077,0.00083770795
2022-07-11,427,0.001392258611274011,-0.015028106564694887,80.54078336434512,0.9824026678172351,-0.0012638381
2022-07-12,428,-0.005514492191967202,-0.03382605415585027,79.98496645673212,0.5122882092250461,0.005048616
2022-07-13,429,-0.0014615784194973447,-0.01694553104004115,79.71170516466347,0.4422817086175946,0.004170942
2022-07-14,430,0.01902174880204055,0.004747091510000523,79.78802805614626,0.5949727729796546,0.0020489588
2022-07-15,431,-0.001497197964203667,0.011812894611570535,79.9763449910032,0.7026598094013321,0.0019194374
2022-07-16,432,0.0043379231719020694,0.014789212193431212,80.21243755962834,0.8244196211261253,0.0039650076
2022-07-17,433,-0.0021226932992423064,0.018250259035484717,80.50217509983955,0.7040788265141065,0.00027513492
2022-07-18,434,0.0009571328795683343,0.020716717364556825,80.83058894453157,0.13267175047285562,0.00322181
2022-07-19,435,0.0002601668043606953,0.0019239286809484835,80.861668366867,0.13334164200762147,0.0026755366
2022-07-20,436,0.004683240659731691,0.008125543072455166,80.99273304155659,0.18505827731330388,0.0035178224
2022-07-21,437,0.011853075355471754,0.015669036852323792,81.246570330534,0.6006667959959364,0.005111029
2022-07-22,438,0.01667393997603317,0.034800806145570684,81.80914421709389,1.163677962612518,0.001747308
2022-07-23,439,0.0032962008190917658,0.037218961039461984,82.41138476071828,1.3440395158458802,0.0047625424
2022-07-24,440,0.006095468860356057,0.04326987272897509,83.11171734927677,1.2877592237272475,-3.6675046e-05
2022-07-25,441,-0.011308645091855696,0.026663790396199705,83.54529786985987,0.8000109777432124,-0.0027513185
2022-07-26,442,-0.0006787674241561792,0.013948516289569168,83.77480350094683,0.4135117599410633,0.0015990477
2022-07-27,443,0.009602894648836013,0.006896426493407937,83.89016772118018,0.4458974906333571,-0.0018100034
2022-07-28,444,0.00885968638417145,0.012479876056710193,84.09962066240024,0.6571511617844689,-0.0010452118
2022-07-29,445,0.0023160973279507946,0.008676521664272352,84.246128561155,0.8120139409259762,0.002705189
2022-07-30,446,0.009063939595679305,0.029460912827319108,84.73796683307049,0.9582692045999774,0.001098156
2022-07-31,447,0.0051076670899381504,0.035421867085781766,85.3289194836871,0.8437350944641558,0.0023461026
2022-08-01,448,0.012203062582593294,0.038088530138133736,85.97046287590123,0.9935078584023493,-9.773136e-05
2022-08-02,449,0.003093591569571119,0.03215537910483324,86.51686983917146,1.0508975125580855,0.001500564
2022-08-03,450,-0.0033569831557104246,0.02631340913855662,86.9650415241422,0.7673071844866286,0.00022115318
2022-08-04,451,0.003558412569330205,0.020713767738447686,87.32103749675856,0.5506517474478783,-0.0005405538
2022-08-05,452,-0.029105943758527708,-0.014031070830125003,87.07866162426788,1.0828378347722878,-0.002538278
2022-08-06,453,0.004028857363850502,-0.021993418173527846,86.69410619499048,1.256532687251067,-0.0007561116
2022-08-07,454,-0.036284128252147774,-0.06038631539331707,85.63498367552613,2.129761459497712,-0.002570818
2022-08-08,455,-0.017034634074054256,-0.07328131165470853,84.35400903064495,2.661621184530524,-0.00021598846
2022-08-09,456,0.004717686009409805,-0.07221080061283136,83.08725552328448,2.114846932962109,0.0014494834
2022-08-10,457,0.004975293372667888,-0.039642670744486797,82.41206754185961,1.8040276492246503,-0.00050519
2022-08-11,458,-0.011424287801399258,-0.054423661460691664,81.4813974674791,0.6286421226836149,-0.002135782
2022-08-12,459,-0.006921020418789392,-0.025613240456785702,81.0592914618644,0.5627875346892605,0.0040118936
2022-08-13,460,0.013905409886141307,0.005056781315650571,81.14120758558336,0.5808465637071338,-0.0012579322
2022-08-14,461,-0.004640301315726791,-0.004304364358962753,81.0711511084605,0.5660176727526008,0.003987646
2022-08-15,462,0.02262920312402983,0.01318653418088167,81.28683877785018,0.9679818686452968,0.0045523862
2022-08-16,463,0.00018080146823651333,0.025080534843523905,81.69238595497004,1.1469130767693325,0.002326922
2022-08-17,464,0.004280361768812746,0.036642876892789555,82.28079310576932,0.9913391888261369,0.0036613687
2022-08-18,465,0.016368743984986223,0.0391614528093156,82.91838768145377,1.2731073160957243,0.0048935767
2022-08-19,466,0.0015102711619341402,0.04558268710275115,83.65708376185498,0.92648117707248,-0.00054335827
2022-08-20,467,-0.009823439806907919,0.012401626464489057,83.86260783971844,0.8129662332752696,-0.0011911996
2022-08-21,468,-0.0008972745169428809,0.011310377882987055,84.05008125494342,0.6120280965782621,0.0005619658
2022-08-22,469,-0.00015610736190085905,0.006842853231657786,84.16398939786902,0.4542430105443681,-2.035396e-05
2022-08-23,470,-0.013447416522015754,-0.022693856053182637,83.78003721321645,0.7285650062547215,-0.00015046506
2022-08-24,471,-0.002358320713408135,-0.026468953240961213,83.3315386856411,0.6934073142514925,-0.0005311183
2022-08-25,472,-0.007221920939974424,-0.023911167602008843,82.93036015832544,0.8520951624674827,0.0011460911
2022-08-26,473,0.009443577571874417,-0.013808512505663395,82.69889057093327,0.6946685737901989,0.0016778402
2022-08-27,474,0.0005461187418525082,-0.013115874974027664,82.47906586230837,0.3442344466059577,-6.0583057e-05
2022-08-28,475,-0.0026279574914755965,-0.0022927799485538136,82.44115515814548,0.3274120834362317,-0.0018763385
2022-08-29,476,-0.0008618193062258639,-0.000796180227669474,82.42802150782703,0.32682457525513425,-0.0023274655
2022-08-30,477,0.002431220184061722,0.008919440702509274,82.57409246084387,0.1209976476990159,0.0029516362
2022-08-31,478,0.006368141996897725,0.005845601996550487,82.6707281464201,0.2851323113600951,-0.003398492
2022-09-01,479,-0.009797122286693827,-0.004552422946103807,82.59542935515739,0.3221566400182263,-0.0020023696
2022-09-02,480,-0.010215876326212792,-0.012125700616814283,82.39539276974399,0.5994240623181537,-0.0012280962
2022-09-03,481,0.011246792154025353,-0.00015359676377868503,82.39286108157579,0.5993554024026201,-0.0024817593
2022-09-04,482,-0.003923368722047349,-0.006491800057817465,82.28559859365689,0.5979130548303135,0.0013802757
2022-09-05,483,-0.013968420925968839,-0.02656849086245383,81.84381813967595,0.624332376647447,-0.00068450585
2022-09-06,484,0.004638127093830935,-0.012377735709619864,81.64001775460909,0.593382119124957,0.0029272714
2022-09-07,485,0.004833698060326963,0.002638967808590298,81.68302467754907,0.5870390896139456,-0.0041524307
2022-09-08,486,-0.015107152572567006,-0.023490649751996773,81.29589500095739,0.6318855973036039,0.0016769036
2022-09-09,487,0.002494817154635953,-0.017198544984746267,81.01357223954496,0.4961234008597365,0.005041867
2022-09-10,488,0.007555830924283802,0.004255195935406242,81.08244770916824,0.5056115610985442,-0.0014643009
2022-09-11,489,0.003943864517062412,0.0035611979860350473,81.1403573385902,0.5521154793150166,0.0025377665
2022-09-12,490,0.006519814837613991,0.005245179500811936,81.2260629412359,0.6792210798196728,-0.00041731694
2022-09-13,491,-0.013842690980907402,0.006535770576785227,81.33124329814586,0.5626491540092496,0.0011346042
2022-09-14,492,0.00351040154996185,0.007555448688275623,81.45313671125362,0.43371830077346696,0.0005114096
2022-09-15,493,-0.0028261975947044826,-0.0028265758920871242,81.4071904953993,0.46806297163339894,-0.0006544465
2022-09-16,494,-0.0046279015872464635,-0.011340535346381575,81.2221221745818,0.5504607267928144,0.003134569
2022-09-17,495,0.008905556094197298,-0.008997128253182662,81.07433907595536,0.27847727504242703,0.005139234
2022-09-18,496,0.0149927451067422,0.019979993053514722,81.39797922148168,0.7306706471097718,0.0013014593
2022-09-19,497,0.01814370054600367,0.034853453443441484,81.96452466331736,1.4018146674604952,0.0048207324
2022-09-20,498,0.013348078715059053,0.05163889812292788,82.80154644592453,1.8829102029186795,-0.00021021551
2022-09-21,499,-0.0008973418163017444,0.05558034049724592,83.69828627445742,1.669967073482304,0.0019229515
2022-09-22,500,0.0037272016302634103,0.05016242091573808,84.51482024591293,1.1867710753840237,0.0033414182
2022-09-23,501,0.00786822871784243,0.042791038790209734,85.22180742402233,0.7345452568797107,0.0010671425
2022-09-24,502,0.001411779492994647,0.025654069493570963,85.65335040121667,0.5188114486422893,0.0020492044
2022-09-25,503,0.00150764187911534,0.013669843657996061,85.88636867602492,0.5426634632741134,0.002478176
2022-09-26,504,0.008437531318761904,0.023140821754070062,86.28047674486518,0.5914375380285788,0.0022426476
