"Strategy Name";"Filters result";"Fitness (IS)";"Symbol (IS)";"TimeFrame (IS)";"Net profit (IS)";"Mini equity chart (IS)";"# of trades (IS)";"Profit factor (IS)";"Sharpe Ratio (IS)";"R Expectancy (IS)";"Annual % Return (IS)";"Stability (IS)";"Symmetry (IS)";"Drawdown (IS)";"Win/Loss ratio (IS)";"Ret/DD Ratio (IS)";"CAGR/Max DD % (IS)";"Avg. Win (IS)";"Avg. Loss (IS)";"Avg. Bars Win (IS)";"Avg. Bars Loss (IS)";"Avg. Bars in Trade (IS)";"Exposure (IS)";"Fitness (OOS)";"Net profit (OOS)";"Mini equity chart (OOS)";"# of trades (OOS)";"Profit factor (OOS)";"Sharpe Ratio (OOS)";"R Expectancy (OOS)";"Annual % Return (OOS)";"Stability (OOS)";"Symmetry (OOS)";"Drawdown (OOS)";"Win/Loss ratio (OOS)";"Ret/DD Ratio (OOS)";"CAGR/Max DD % (OOS)";"Avg. Win (OOS)";"Avg. Loss (OOS)";"Avg. Bars Win (OOS)";"Avg. Bars Loss (OOS)";"Avg. Bars in Trade (OOS)";"Exposure (OOS)"
"Strategy 1.1.364";"PASSED";"0.75";"NDXm_TICK_UTCPlus02";"M15";"5059.62";"";"1232";"1.18";"1.07";"0.08";"16.87";"0.79";"0.0";"1369.52";"1.22";"3.69";"0.8";"49.86";"51.52";"16.02";"15.28";"15.68";"5.04";"0.0";"0.0";"";"0";"0.0";"0.0";"0.0";"0.0";"0.0";"0.0";"0.0";"0.0";"0.0";"0.0";"0.0";"0.0";"0.0";"0.0";"0.0";"0.0"
"Strategy 1.1.407";"PASSED";"0.75";"NDXm_TICK_UTCPlus02";"M15";"5112.31";"";"1499";"1.11";"0.73";"0.07";"17.04";"0.85";"0.0";"1388.08";"0.64";"3.68";"0.53";"88.2";"51.16";"27.96";"17.88";"21.83";"7.02";"0.0";"0.0";"";"0";"0.0";"0.0";"0.0";"0.0";"0.0";"0.0";"0.0";"0.0";"0.0";"0.0";"0.0";"0.0";"0.0";"0.0";"0.0";"0.0"
"Strategy 1.2.341";"PASSED";"0.74";"NDXm_TICK_UTCPlus02";"M15";"5008.17";"";"1443";"1.11";"0.73";"0.07";"16.69";"0.85";"0.0";"1444.79";"0.65";"3.47";"0.5";"87.97";"51.22";"28.18";"18.09";"22.06";"7.02";"0.0";"0.0";"";"0";"0.0";"0.0";"0.0";"0.0";"0.0";"0.0";"0.0";"0.0";"0.0";"0.0";"0.0";"0.0";"0.0";"0.0";"0.0";"0.0"
"Strategy 1.2.353";"PASSED";"0.82";"NDXm_TICK_UTCPlus02";"M15";"6796.6";"";"1169";"1.22";"1.29";"0.11";"22.66";"0.87";"0.0";"1142.79";"0.95";"5.95";"1.03";"65.56";"51.04";"11.44";"8.96";"10.17";"1.93";"0.0";"0.0";"";"0";"0.0";"0.0";"0.0";"0.0";"0.0";"0.0";"0.0";"0.0";"0.0";"0.0";"0.0";"0.0";"0.0";"0.0";"0.0";"0.0"
"Strategy 1.2.478";"PASSED";"0.75";"NDXm_TICK_UTCPlus02";"M15";"5009.79";"";"1235";"1.17";"1.06";"0.08";"16.7";"0.79";"0.0";"1369.52";"1.21";"3.66";"0.79";"49.86";"51.51";"16.06";"15.25";"15.69";"5.04";"0.0";"0.0";"";"0";"0.0";"0.0";"0.0";"0.0";"0.0";"0.0";"0.0";"0.0";"0.0";"0.0";"0.0";"0.0";"0.0";"0.0";"0.0";"0.0"
"Strategy 1.3.368";"PASSED";"0.79";"NDXm_TICK_UTCPlus02";"M15";"7080.06";"";"2407";"1.1";"0.89";"0.06";"23.6";"0.84";"0.0";"1559.87";"0.81";"4.54";"0.6";"70.96";"51.96";"37.33";"26.14";"31.14";"23.57";"0.0";"0.0";"";"0";"0.0";"0.0";"0.0";"0.0";"0.0";"0.0";"0.0";"0.0";"0.0";"0.0";"0.0";"0.0";"0.0";"0.0";"0.0";"0.0"
"Strategy 1.3.524";"PASSED";"0.71";"NDXm_TICK_UTCPlus02";"M15";"7729.29";"";"1876";"1.13";"0.97";"0.08";"25.76";"0.78";"0.0";"2737.26";"0.62";"2.82";"0.81";"93.05";"51.27";"28.4";"17.54";"21.71";"8.57";"0.0";"0.0";"";"0";"0.0";"0.0";"0.0";"0.0";"0.0";"0.0";"0.0";"0.0";"0.0";"0.0";"0.0";"0.0";"0.0";"0.0";"0.0";"0.0"
"Strategy 1.4.420";"PASSED";"0.84";"NDXm_TICK_UTCPlus02";"M15";"9759.87";"";"1636";"1.2";"1.34";"0.12";"32.53";"0.86";"0.0";"1480.94";"0.7";"6.59";"1.19";"88.63";"51.66";"20.3";"14.38";"16.81";"5.76";"0.0";"0.0";"";"0";"0.0";"0.0";"0.0";"0.0";"0.0";"0.0";"0.0";"0.0";"0.0";"0.0";"0.0";"0.0";"0.0";"0.0";"0.0";"0.0"
"Strategy 1.5.423";"PASSED";"0.73";"NDXm_TICK_UTCPlus02";"M15";"3937.35";"";"1113";"1.15";"0.86";"0.07";"13.12";"0.82";"0.0";"1231.59";"1.11";"3.2";"0.63";"53.08";"51.35";"16.15";"16.73";"16.43";"2.9";"0.0";"0.0";"";"0";"0.0";"0.0";"0.0";"0.0";"0.0";"0.0";"0.0";"0.0";"0.0";"0.0";"0.0";"0.0";"0.0";"0.0";"0.0";"0.0"
"Strategy 1.6.430";"PASSED";"0.71";"NDXm_TICK_UTCPlus02";"M15";"2836.57";"";"754";"1.14";"0.68";"0.07";"9.46";"0.88";"0.0";"1014.43";"0.86";"2.8";"0.52";"66.92";"50.66";"50.35";"45.4";"47.69";"6.39";"0.0";"0.0";"";"0";"0.0";"0.0";"0.0";"0.0";"0.0";"0.0";"0.0";"0.0";"0.0";"0.0";"0.0";"0.0";"0.0";"0.0";"0.0";"0.0"
"Strategy 1.7.563";"PASSED";"0.77";"NDXm_TICK_UTCPlus02";"M15";"4293.98";"";"1094";"1.16";"0.94";"0.08";"14.31";"0.81";"0.0";"1055.6";"1.09";"4.07";"0.76";"54.54";"51.13";"38.28";"34.51";"36.47";"5.71";"0.0";"0.0";"";"0";"0.0";"0.0";"0.0";"0.0";"0.0";"0.0";"0.0";"0.0";"0.0";"0.0";"0.0";"0.0";"0.0";"0.0";"0.0";"0.0"
"Strategy 2.10.404";"PASSED";"0.81";"NDXm_TICK_UTCPlus02";"M15";"10157.59";"";"3089";"1.12";"1.19";"0.06";"33.86";"0.88";"0.0";"1882.33";"0.91";"5.4";"0.97";"62.98";"51.05";"15.84";"12.52";"14.1";"9.16";"0.0";"0.0";"";"0";"0.0";"0.0";"0.0";"0.0";"0.0";"0.0";"0.0";"0.0";"0.0";"0.0";"0.0";"0.0";"0.0";"0.0";"0.0";"0.0"
"Strategy 2.10.413";"PASSED";"0.81";"NDXm_TICK_UTCPlus02";"M15";"7082.22";"";"2157";"1.14";"1.11";"0.06";"23.61";"0.79";"0.0";"1286.79";"1.23";"5.5";"0.88";"48.29";"52.1";"13.87";"13.29";"13.61";"10.29";"0.0";"0.0";"";"0";"0.0";"0.0";"0.0";"0.0";"0.0";"0.0";"0.0";"0.0";"0.0";"0.0";"0.0";"0.0";"0.0";"0.0";"0.0";"0.0"
"Strategy 2.3.487";"PASSED";"0.78";"NDXm_TICK_UTCPlus02";"M15";"7269.32";"";"1191";"1.19";"1.08";"0.12";"24.23";"0.81";"0.0";"1634.73";"0.62";"4.45";"0.87";"99.03";"51.34";"19.37";"13.11";"15.5";"3.03";"0.0";"0.0";"";"0";"0.0";"0.0";"0.0";"0.0";"0.0";"0.0";"0.0";"0.0";"0.0";"0.0";"0.0";"0.0";"0.0";"0.0";"0.0";"0.0"
"Strategy 2.4.397";"PASSED";"0.88";"NDXm_TICK_UTCPlus02";"M15";"9457.21";"";"824";"1.38";"1.63";"0.22";"31.52";"0.89";"0.0";"999.45";"0.72";"9.46";"1.2";"98.55";"51.55";"24.09";"15.36";"19.03";"2.9";"0.0";"0.0";"";"0";"0.0";"0.0";"0.0";"0.0";"0.0";"0.0";"0.0";"0.0";"0.0";"0.0";"0.0";"0.0";"0.0";"0.0";"0.0";"0.0"
"Strategy 2.4.403";"PASSED";"0.76";"NDXm_TICK_UTCPlus02";"M15";"4083.91";"";"592";"1.24";"0.92";"0.14";"13.61";"0.82";"0.0";"1074.05";"0.74";"3.8";"0.85";"84.12";"50.33";"20.57";"15.24";"17.51";"0.71";"0.0";"0.0";"";"0";"0.0";"0.0";"0.0";"0.0";"0.0";"0.0";"0.0";"0.0";"0.0";"0.0";"0.0";"0.0";"0.0";"0.0";"0.0";"0.0"
"Strategy 2.4.496";"PASSED";"0.82";"NDXm_TICK_UTCPlus02";"M15";"3532.7";"";"670";"1.23";"1.0";"0.1";"11.78";"0.85";"0.0";"633.47";"1.2";"5.58";"0.88";"52.1";"51.1";"13.62";"14.96";"14.23";"1.43";"0.0";"0.0";"";"0";"0.0";"0.0";"0.0";"0.0";"0.0";"0.0";"0.0";"0.0";"0.0";"0.0";"0.0";"0.0";"0.0";"0.0";"0.0";"0.0"
"Strategy 2.5.538";"PASSED";"0.73";"NDXm_TICK_UTCPlus02";"M15";"4701.56";"";"1132";"1.18";"1.08";"0.08";"15.67";"0.76";"0.0";"1498.89";"1.19";"3.14";"0.77";"49.99";"50.57";"22.43";"19.4";"21.05";"4.54";"0.0";"0.0";"";"0";"0.0";"0.0";"0.0";"0.0";"0.0";"0.0";"0.0";"0.0";"0.0";"0.0";"0.0";"0.0";"0.0";"0.0";"0.0";"0.0"
"Strategy 2.5.551";"PASSED";"0.67";"NDXm_TICK_UTCPlus02";"M15";"4325.33";"";"1784";"1.1";"0.73";"0.05";"14.42";"0.78";"0.0";"1933.87";"1.05";"2.24";"0.52";"52.97";"50.68";"16.72";"14.9";"15.83";"4.66";"0.0";"0.0";"";"0";"0.0";"0.0";"0.0";"0.0";"0.0";"0.0";"0.0";"0.0";"0.0";"0.0";"0.0";"0.0";"0.0";"0.0";"0.0";"0.0"
"Strategy 2.6.321";"PASSED";"0.79";"NDXm_TICK_UTCPlus02";"M15";"6112.89";"";"2219";"1.1";"0.89";"0.05";"20.38";"0.83";"0.0";"1335.25";"0.9";"4.58";"0.59";"62.06";"50.8";"27.85";"20.95";"24.22";"11.22";"0.0";"0.0";"";"0";"0.0";"0.0";"0.0";"0.0";"0.0";"0.0";"0.0";"0.0";"0.0";"0.0";"0.0";"0.0";"0.0";"0.0";"0.0";"0.0"
"Strategy 2.6.377";"PASSED";"0.85";"NDXm_TICK_UTCPlus02";"M15";"9053.35";"";"1698";"1.22";"1.5";"0.1";"30.18";"0.9";"0.0";"1285.71";"1.11";"7.04";"1.25";"57.04";"52.16";"28.07";"23.57";"25.94";"13.19";"0.0";"0.0";"";"0";"0.0";"0.0";"0.0";"0.0";"0.0";"0.0";"0.0";"0.0";"0.0";"0.0";"0.0";"0.0";"0.0";"0.0";"0.0";"0.0"
"Strategy 2.6.425";"PASSED";"0.8";"NDXm_TICK_UTCPlus02";"M15";"5116.37";"";"1195";"1.16";"0.97";"0.08";"17.05";"0.83";"0.0";"1029.44";"0.93";"4.97";"0.85";"64.42";"51.68";"34.38";"29.95";"32.08";"7.1";"0.0";"0.0";"";"0";"0.0";"0.0";"0.0";"0.0";"0.0";"0.0";"0.0";"0.0";"0.0";"0.0";"0.0";"0.0";"0.0";"0.0";"0.0";"0.0"
"Strategy 2.6.446";"PASSED";"0.71";"NDXm_TICK_UTCPlus02";"M15";"3574.68";"";"953";"1.13";"0.68";"0.07";"11.92";"0.77";"0.0";"1293.61";"0.75";"2.76";"0.53";"77.43";"51.17";"20.24";"14.16";"16.76";"3.15";"0.0";"0.0";"";"0";"0.0";"0.0";"0.0";"0.0";"0.0";"0.0";"0.0";"0.0";"0.0";"0.0";"0.0";"0.0";"0.0";"0.0";"0.0";"0.0"
"Strategy 2.7.492";"PASSED";"0.83";"NDXm_TICK_UTCPlus02";"M15";"7245.69";"";"1034";"1.27";"1.43";"0.14";"24.15";"0.77";"0.0";"1189.25";"0.96";"6.09";"1.2";"67.95";"51.4";"17.07";"15.73";"16.38";"2.56";"0.0";"0.0";"";"0";"0.0";"0.0";"0.0";"0.0";"0.0";"0.0";"0.0";"0.0";"0.0";"0.0";"0.0";"0.0";"0.0";"0.0";"0.0";"0.0"
"Strategy 2.9.411";"PASSED";"0.81";"NDXm_TICK_UTCPlus02";"M15";"6644.18";"";"2047";"1.12";"0.98";"0.06";"22.15";"0.9";"0.0";"1262.18";"0.92";"5.26";"0.69";"62.11";"50.92";"27.63";"20.75";"24.05";"10.63";"0.0";"0.0";"";"0";"0.0";"0.0";"0.0";"0.0";"0.0";"0.0";"0.0";"0.0";"0.0";"0.0";"0.0";"0.0";"0.0";"0.0";"0.0";"0.0"
"Strategy 2.9.510";"PASSED";"0.8";"NDXm_TICK_UTCPlus02";"M15";"5750.17";"";"1289";"1.17";"1.03";"0.09";"19.17";"0.78";"0.0";"1186.0";"0.98";"4.85";"0.64";"62.73";"52.47";"29.32";"23.59";"26.43";"11.13";"0.0";"0.0";"";"0";"0.0";"0.0";"0.0";"0.0";"0.0";"0.0";"0.0";"0.0";"0.0";"0.0";"0.0";"0.0";"0.0";"0.0";"0.0";"0.0"
"Strategy 3.1.428";"PASSED";"0.77";"NDXm_TICK_UTCPlus02";"M15";"6326.33";"";"966";"1.22";"1.11";"0.13";"21.09";"0.81";"0.0";"1578.92";"0.7";"4.01";"0.68";"88.49";"51.11";"19.17";"14.69";"16.54";"2.35";"0.0";"0.0";"";"0";"0.0";"0.0";"0.0";"0.0";"0.0";"0.0";"0.0";"0.0";"0.0";"0.0";"0.0";"0.0";"0.0";"0.0";"0.0";"0.0"
"Strategy 3.10.313";"PASSED";"0.76";"NDXm_TICK_UTCPlus02";"M15";"5518.92";"";"2584";"1.1";"0.83";"0.04";"18.4";"0.87";"0.0";"1461.67";"1.31";"3.78";"0.57";"43.38";"51.78";"16.45";"16.21";"16.34";"13.32";"0.0";"0.0";"";"0";"0.0";"0.0";"0.0";"0.0";"0.0";"0.0";"0.0";"0.0";"0.0";"0.0";"0.0";"0.0";"0.0";"0.0";"0.0";"0.0"
"Strategy 3.10.342";"PASSED";"0.86";"NDXm_TICK_UTCPlus02";"M15";"11902.55";"";"2930";"1.14";"1.29";"0.08";"39.68";"0.9";"0.0";"1455.5";"0.79";"8.18";"0.91";"74.08";"51.47";"28.9";"21.71";"24.89";"15.34";"0.0";"0.0";"";"0";"0.0";"0.0";"0.0";"0.0";"0.0";"0.0";"0.0";"0.0";"0.0";"0.0";"0.0";"0.0";"0.0";"0.0";"0.0";"0.0"
"Strategy 3.10.463";"PASSED";"0.72";"NDXm_TICK_UTCPlus02";"M15";"4152.21";"";"1111";"1.14";"0.8";"0.07";"13.84";"0.85";"0.0";"1394.75";"0.91";"2.98";"0.65";"65.3";"52.42";"41.63";"35.0";"38.16";"10.08";"0.0";"0.0";"";"0";"0.0";"0.0";"0.0";"0.0";"0.0";"0.0";"0.0";"0.0";"0.0";"0.0";"0.0";"0.0";"0.0";"0.0";"0.0";"0.0"
"Strategy 3.10.495";"PASSED";"0.82";"NDXm_TICK_UTCPlus02";"M15";"10057.9";"";"2662";"1.15";"1.28";"0.07";"33.53";"0.85";"0.0";"1750.15";"0.97";"5.75";"1.06";"60.64";"51.24";"19.11";"15.44";"17.24";"9.75";"0.0";"0.0";"";"0";"0.0";"0.0";"0.0";"0.0";"0.0";"0.0";"0.0";"0.0";"0.0";"0.0";"0.0";"0.0";"0.0";"0.0";"0.0";"0.0"
"Strategy 3.10.562";"PASSED";"0.82";"NDXm_TICK_UTCPlus02";"M15";"12500.9";"";"3407";"1.14";"1.42";"0.07";"41.67";"0.83";"0.0";"2211.92";"0.92";"5.65";"1.19";"63.36";"51.08";"20.14";"16.54";"18.26";"12.73";"0.0";"0.0";"";"0";"0.0";"0.0";"0.0";"0.0";"0.0";"0.0";"0.0";"0.0";"0.0";"0.0";"0.0";"0.0";"0.0";"0.0";"0.0";"0.0"
"Strategy 3.3.342";"PASSED";"0.89";"NDXm_TICK_UTCPlus02";"M15";"8488.72";"";"1567";"1.2";"1.44";"0.11";"28.3";"0.78";"0.0";"815.81";"0.93";"10.41";"1.32";"66.46";"51.34";"16.46";"13.2";"14.77";"4.5";"0.0";"0.0";"";"0";"0.0";"0.0";"0.0";"0.0";"0.0";"0.0";"0.0";"0.0";"0.0";"0.0";"0.0";"0.0";"0.0";"0.0";"0.0";"0.0"
"Strategy 3.3.454";"PASSED";"0.73";"NDXm_TICK_UTCPlus02";"M15";"3482.32";"";"702";"1.18";"0.83";"0.1";"11.61";"0.86";"0.0";"1120.46";"0.83";"3.11";"0.48";"72.08";"50.62";"23.68";"17.14";"20.1";"2.48";"0.0";"0.0";"";"0";"0.0";"0.0";"0.0";"0.0";"0.0";"0.0";"0.0";"0.0";"0.0";"0.0";"0.0";"0.0";"0.0";"0.0";"0.0";"0.0"
"Strategy 3.3.490";"PASSED";"0.8";"NDXm_TICK_UTCPlus02";"M15";"6119.39";"";"1978";"1.15";"1.1";"0.06";"20.4";"0.82";"0.0";"1229.06";"1.43";"4.98";"0.64";"41.11";"51.26";"11.4";"11.75";"11.54";"7.94";"0.0";"0.0";"";"0";"0.0";"0.0";"0.0";"0.0";"0.0";"0.0";"0.0";"0.0";"0.0";"0.0";"0.0";"0.0";"0.0";"0.0";"0.0";"0.0"
"Strategy 3.4.356";"PASSED";"0.82";"NDXm_TICK_UTCPlus02";"M15";"7658.09";"";"1911";"1.19";"1.4";"0.08";"25.53";"0.87";"0.0";"1374.11";"1.51";"5.57";"0.68";"40.82";"51.62";"14.06";"14.17";"14.1";"10.34";"0.0";"0.0";"";"0";"0.0";"0.0";"0.0";"0.0";"0.0";"0.0";"0.0";"0.0";"0.0";"0.0";"0.0";"0.0";"0.0";"0.0";"0.0";"0.0"
"Strategy 3.4.379";"PASSED";"0.75";"NDXm_TICK_UTCPlus02";"M15";"3669.25";"";"698";"1.18";"0.82";"0.1";"12.23";"0.87";"0.0";"1037.59";"0.75";"3.54";"0.52";"79.79";"50.6";"26.92";"18.31";"22.0";"2.69";"0.0";"0.0";"";"0";"0.0";"0.0";"0.0";"0.0";"0.0";"0.0";"0.0";"0.0";"0.0";"0.0";"0.0";"0.0";"0.0";"0.0";"0.0";"0.0"
"Strategy 3.4.489";"PASSED";"0.85";"NDXm_TICK_UTCPlus02";"M15";"7121.89";"";"1152";"1.24";"1.36";"0.12";"23.74";"0.88";"0.0";"935.61";"0.99";"7.61";"1.25";"64.73";"51.56";"18.06";"15.44";"16.74";"4.03";"0.0";"0.0";"";"0";"0.0";"0.0";"0.0";"0.0";"0.0";"0.0";"0.0";"0.0";"0.0";"0.0";"0.0";"0.0";"0.0";"0.0";"0.0";"0.0"
"Strategy 3.4.515";"PASSED";"0.84";"NDXm_TICK_UTCPlus02";"M15";"5391.39";"";"853";"1.24";"1.18";"0.12";"17.97";"0.78";"0.0";"794.09";"0.92";"6.79";"0.98";"69.06";"51.47";"18.4";"15.04";"16.65";"3.45";"0.0";"0.0";"";"0";"0.0";"0.0";"0.0";"0.0";"0.0";"0.0";"0.0";"0.0";"0.0";"0.0";"0.0";"0.0";"0.0";"0.0";"0.0";"0.0"
"Strategy 3.4.528";"PASSED";"0.78";"NDXm_TICK_UTCPlus02";"M15";"6841.02";"";"2235";"1.13";"1.02";"0.06";"22.8";"0.85";"0.0";"1542.39";"1.12";"4.44";"0.65";"52.18";"51.78";"27.07";"22.84";"25.07";"17.06";"0.0";"0.0";"";"0";"0.0";"0.0";"0.0";"0.0";"0.0";"0.0";"0.0";"0.0";"0.0";"0.0";"0.0";"0.0";"0.0";"0.0";"0.0";"0.0"
"Strategy 3.5.430";"PASSED";"0.83";"NDXm_TICK_UTCPlus02";"M15";"6139.44";"";"941";"1.21";"1.07";"0.13";"20.46";"0.84";"0.0";"1006.96";"0.63";"6.1";"0.82";"99.3";"51.74";"30.3";"16.79";"22.0";"4.96";"0.0";"0.0";"";"0";"0.0";"0.0";"0.0";"0.0";"0.0";"0.0";"0.0";"0.0";"0.0";"0.0";"0.0";"0.0";"0.0";"0.0";"0.0";"0.0"
"Strategy 3.5.441";"PASSED";"0.81";"NDXm_TICK_UTCPlus02";"M15";"7420.6";"";"1901";"1.19";"1.36";"0.08";"24.74";"0.87";"0.0";"1416.59";"1.5";"5.24";"0.64";"40.81";"51.62";"14.06";"14.12";"14.08";"10.08";"0.0";"0.0";"";"0";"0.0";"0.0";"0.0";"0.0";"0.0";"0.0";"0.0";"0.0";"0.0";"0.0";"0.0";"0.0";"0.0";"0.0";"0.0";"0.0"
"Strategy 3.6.326";"PASSED";"0.75";"NDXm_TICK_UTCPlus02";"M15";"3692.15";"";"596";"1.24";"0.99";"0.12";"12.31";"0.85";"0.0";"1026.3";"0.92";"3.6";"0.79";"67.64";"50.49";"23.13";"19.32";"21.15";"0.63";"0.0";"0.0";"";"0";"0.0";"0.0";"0.0";"0.0";"0.0";"0.0";"0.0";"0.0";"0.0";"0.0";"0.0";"0.0";"0.0";"0.0";"0.0";"0.0"
"Strategy 3.6.327";"PASSED";"0.76";"NDXm_TICK_UTCPlus02";"M15";"6458.38";"";"2085";"1.11";"0.89";"0.06";"21.53";"0.87";"0.0";"1698.28";"0.89";"3.8";"0.63";"65.44";"52.19";"23.35";"19.26";"21.18";"13.15";"0.0";"0.0";"";"0";"0.0";"0.0";"0.0";"0.0";"0.0";"0.0";"0.0";"0.0";"0.0";"0.0";"0.0";"0.0";"0.0";"0.0";"0.0";"0.0"
"Strategy 3.6.436";"PASSED";"0.85";"NDXm_TICK_UTCPlus02";"M15";"6145.48";"";"870";"1.27";"1.35";"0.14";"20.49";"0.83";"0.0";"811.7";"0.99";"7.57";"1.13";"66.36";"51.42";"18.08";"14.21";"16.13";"3.32";"0.0";"0.0";"";"0";"0.0";"0.0";"0.0";"0.0";"0.0";"0.0";"0.0";"0.0";"0.0";"0.0";"0.0";"0.0";"0.0";"0.0";"0.0";"0.0"
"Strategy 3.6.474";"PASSED";"0.86";"NDXm_TICK_UTCPlus02";"M15";"8167.34";"";"1852";"1.18";"1.27";"0.09";"27.22";"0.83";"0.0";"1060.75";"1.14";"7.7";"0.96";"53.65";"51.78";"12.36";"10.84";"11.65";"7.77";"0.0";"0.0";"";"0";"0.0";"0.0";"0.0";"0.0";"0.0";"0.0";"0.0";"0.0";"0.0";"0.0";"0.0";"0.0";"0.0";"0.0";"0.0";"0.0"
"Strategy 3.7.346";"PASSED";"0.79";"NDXm_TICK_UTCPlus02";"M15";"6803.7";"";"2869";"1.1";"0.96";"0.05";"22.68";"0.85";"0.0";"1447.86";"1.28";"4.7";"0.61";"44.69";"51.6";"15.69";"15.28";"15.51";"13.82";"0.0";"0.0";"";"0";"0.0";"0.0";"0.0";"0.0";"0.0";"0.0";"0.0";"0.0";"0.0";"0.0";"0.0";"0.0";"0.0";"0.0";"0.0";"0.0"
"Strategy 3.7.455";"PASSED";"0.84";"NDXm_TICK_UTCPlus02";"M15";"8738.8";"";"2355";"1.13";"1.08";"0.07";"29.13";"0.88";"0.0";"1248.73";"0.8";"7.0";"0.91";"73.53";"52.27";"27.65";"19.92";"23.36";"15.92";"0.0";"0.0";"";"0";"0.0";"0.0";"0.0";"0.0";"0.0";"0.0";"0.0";"0.0";"0.0";"0.0";"0.0";"0.0";"0.0";"0.0";"0.0";"0.0"
"Strategy 3.7.483";"PASSED";"0.83";"NDXm_TICK_UTCPlus02";"M15";"7295.6";"";"1438";"1.17";"1.1";"0.1";"24.32";"0.91";"0.0";"1199.19";"0.72";"6.08";"0.78";"83.76";"51.59";"15.82";"10.52";"12.74";"4.2";"0.0";"0.0";"";"0";"0.0";"0.0";"0.0";"0.0";"0.0";"0.0";"0.0";"0.0";"0.0";"0.0";"0.0";"0.0";"0.0";"0.0";"0.0";"0.0"
"Strategy 3.7.565";"PASSED";"0.87";"NDXm_TICK_UTCPlus02";"M15";"6526.81";"";"790";"1.29";"1.37";"0.16";"21.76";"0.86";"0.0";"743.12";"0.82";"8.78";"1.22";"82.31";"52.16";"17.84";"12.2";"14.74";"2.86";"0.0";"0.0";"";"0";"0.0";"0.0";"0.0";"0.0";"0.0";"0.0";"0.0";"0.0";"0.0";"0.0";"0.0";"0.0";"0.0";"0.0";"0.0";"0.0"
"Strategy 3.8.383";"PASSED";"0.81";"NDXm_TICK_UTCPlus02";"M15";"5977.53";"";"1834";"1.12";"0.94";"0.06";"19.92";"0.88";"0.0";"1152.62";"0.98";"5.19";"0.74";"59.68";"51.82";"32.63";"26.61";"29.58";"16.6";"0.0";"0.0";"";"0";"0.0";"0.0";"0.0";"0.0";"0.0";"0.0";"0.0";"0.0";"0.0";"0.0";"0.0";"0.0";"0.0";"0.0";"0.0";"0.0"
"Strategy 3.8.388";"PASSED";"0.87";"NDXm_TICK_UTCPlus02";"M15";"9156.83";"";"1991";"1.17";"1.28";"0.09";"30.52";"0.89";"0.0";"1040.42";"0.91";"8.8";"1.12";"67.25";"52.23";"28.26";"21.18";"24.55";"14.66";"0.0";"0.0";"";"0";"0.0";"0.0";"0.0";"0.0";"0.0";"0.0";"0.0";"0.0";"0.0";"0.0";"0.0";"0.0";"0.0";"0.0";"0.0";"0.0"
"Strategy 3.8.515";"PASSED";"0.82";"NDXm_TICK_UTCPlus02";"M15";"9985.33";"";"3152";"1.11";"1.06";"0.06";"33.28";"0.88";"0.0";"1723.94";"0.77";"5.79";"0.83";"74.03";"51.52";"28.4";"20.38";"23.87";"16.47";"0.0";"0.0";"";"0";"0.0";"0.0";"0.0";"0.0";"0.0";"0.0";"0.0";"0.0";"0.0";"0.0";"0.0";"0.0";"0.0";"0.0";"0.0";"0.0"
"Strategy 3.8.523";"PASSED";"0.79";"NDXm_TICK_UTCPlus02";"M15";"6266.12";"";"1985";"1.12";"0.92";"0.06";"20.89";"0.81";"0.0";"1348.49";"0.95";"4.65";"0.74";"60.6";"51.41";"18.63";"16.18";"17.37";"7.27";"0.0";"0.0";"";"0";"0.0";"0.0";"0.0";"0.0";"0.0";"0.0";"0.0";"0.0";"0.0";"0.0";"0.0";"0.0";"0.0";"0.0";"0.0";"0.0"
"Strategy 3.9.399";"PASSED";"0.74";"NDXm_TICK_UTCPlus02";"M15";"7226.44";"";"1108";"1.21";"1.17";"0.13";"24.09";"0.82";"0.0";"2116.22";"0.66";"3.41";"0.86";"95.46";"52.06";"31.5";"20.61";"24.93";"4.83";"0.0";"0.0";"";"0";"0.0";"0.0";"0.0";"0.0";"0.0";"0.0";"0.0";"0.0";"0.0";"0.0";"0.0";"0.0";"0.0";"0.0";"0.0";"0.0"
"Strategy 3.9.403";"PASSED";"0.8";"NDXm_TICK_UTCPlus02";"M15";"6334.72";"";"2144";"1.12";"0.97";"0.06";"21.12";"0.87";"0.0";"1254.77";"1.1";"5.05";"0.73";"52.54";"51.79";"27.32";"23.61";"25.56";"16.47";"0.0";"0.0";"";"0";"0.0";"0.0";"0.0";"0.0";"0.0";"0.0";"0.0";"0.0";"0.0";"0.0";"0.0";"0.0";"0.0";"0.0";"0.0";"0.0"
"Strategy 3.9.490";"PASSED";"0.8";"NDXm_TICK_UTCPlus02";"M15";"11430.06";"";"3303";"1.13";"1.33";"0.07";"38.1";"0.87";"0.0";"2225.52";"0.91";"5.14";"0.91";"63.33";"51.18";"21.29";"17.01";"19.05";"13.95";"0.0";"0.0";"";"0";"0.0";"0.0";"0.0";"0.0";"0.0";"0.0";"0.0";"0.0";"0.0";"0.0";"0.0";"0.0";"0.0";"0.0";"0.0";"0.0"
"Strategy 3.9.531";"PASSED";"0.82";"NDXm_TICK_UTCPlus02";"M15";"8118.65";"";"1586";"1.16";"1.08";"0.1";"27.06";"0.88";"0.0";"1380.25";"0.63";"5.88";"0.86";"96.69";"52.73";"41.61";"26.33";"32.25";"16.89";"0.0";"0.0";"";"0";"0.0";"0.0";"0.0";"0.0";"0.0";"0.0";"0.0";"0.0";"0.0";"0.0";"0.0";"0.0";"0.0";"0.0";"0.0";"0.0"
"Strategy 4.10.440";"PASSED";"0.85";"NDXm_TICK_UTCPlus02";"M15";"5522.8";"";"726";"1.31";"1.33";"0.15";"18.41";"0.68";"0.0";"753.23";"1.12";"7.33";"1.24";"60.89";"52.22";"14.6";"14.28";"14.45";"4.96";"0.0";"0.0";"";"0";"0.0";"0.0";"0.0";"0.0";"0.0";"0.0";"0.0";"0.0";"0.0";"0.0";"0.0";"0.0";"0.0";"0.0";"0.0";"0.0"
"Strategy 4.10.503";"PASSED";"0.84";"NDXm_TICK_UTCPlus02";"M15";"5120.16";"";"1341";"1.18";"1.12";"0.07";"17.07";"0.81";"0.0";"770.22";"1.38";"6.65";"0.86";"44.08";"51.81";"21.21";"21.98";"21.53";"8.91";"0.0";"0.0";"";"0";"0.0";"0.0";"0.0";"0.0";"0.0";"0.0";"0.0";"0.0";"0.0";"0.0";"0.0";"0.0";"0.0";"0.0";"0.0";"0.0"
"Strategy 4.10.548";"PASSED";"0.76";"NDXm_TICK_UTCPlus02";"M15";"7321.06";"";"2152";"1.15";"1.22";"0.07";"24.4";"0.85";"0.0";"1935.65";"1.24";"3.78";"0.85";"47.6";"51.27";"22.07";"21.83";"21.96";"9.62";"0.0";"0.0";"";"0";"0.0";"0.0";"0.0";"0.0";"0.0";"0.0";"0.0";"0.0";"0.0";"0.0";"0.0";"0.0";"0.0";"0.0";"0.0";"0.0"
"Strategy 4.11.328";"PASSED";"0.79";"NDXm_TICK_UTCPlus02";"M15";"6045.73";"";"1552";"1.15";"1.03";"0.08";"20.15";"0.86";"0.0";"1332.59";"0.98";"4.54";"0.59";"59.8";"51.15";"30.13";"26.68";"28.39";"9.5";"0.0";"0.0";"";"0";"0.0";"0.0";"0.0";"0.0";"0.0";"0.0";"0.0";"0.0";"0.0";"0.0";"0.0";"0.0";"0.0";"0.0";"0.0";"0.0"
"Strategy 4.11.418";"PASSED";"0.74";"NDXm_TICK_UTCPlus02";"M15";"6289.35";"";"1979";"1.14";"1.09";"0.06";"20.96";"0.82";"0.0";"1866.25";"1.22";"3.37";"0.82";"47.62";"50.98";"22.01";"21.29";"21.69";"9.37";"0.0";"0.0";"";"0";"0.0";"0.0";"0.0";"0.0";"0.0";"0.0";"0.0";"0.0";"0.0";"0.0";"0.0";"0.0";"0.0";"0.0";"0.0";"0.0"
"Strategy 4.11.488";"PASSED";"0.83";"NDXm_TICK_UTCPlus02";"M15";"5849.54";"";"991";"1.24";"1.23";"0.11";"19.5";"0.83";"0.0";"969.63";"1.11";"6.03";"0.83";"58.03";"51.88";"12.83";"10.75";"11.84";"5.38";"0.0";"0.0";"";"0";"0.0";"0.0";"0.0";"0.0";"0.0";"0.0";"0.0";"0.0";"0.0";"0.0";"0.0";"0.0";"0.0";"0.0";"0.0";"0.0"
"Strategy 4.2.325";"PASSED";"0.73";"NDXm_TICK_UTCPlus02";"M15";"2789.76";"";"959";"1.12";"0.67";"0.06";"9.3";"0.85";"0.0";"891.43";"1.16";"3.13";"0.51";"49.18";"50.76";"15.93";"15.01";"15.5";"3.11";"0.0";"0.0";"";"0";"0.0";"0.0";"0.0";"0.0";"0.0";"0.0";"0.0";"0.0";"0.0";"0.0";"0.0";"0.0";"0.0";"0.0";"0.0";"0.0"
"Strategy 4.2.454";"PASSED";"0.84";"NDXm_TICK_UTCPlus02";"M15";"6353.71";"";"1292";"1.23";"1.37";"0.1";"21.18";"0.88";"0.0";"921.71";"1.43";"6.89";"0.83";"44.09";"51.22";"12.88";"12.94";"12.9";"3.99";"0.0";"0.0";"";"0";"0.0";"0.0";"0.0";"0.0";"0.0";"0.0";"0.0";"0.0";"0.0";"0.0";"0.0";"0.0";"0.0";"0.0";"0.0";"0.0"
"Strategy 4.2.509";"PASSED";"0.81";"NDXm_TICK_UTCPlus02";"M15";"6839.62";"";"920";"1.23";"1.16";"0.14";"22.8";"0.89";"0.0";"1253.77";"0.62";"5.46";"0.91";"102.82";"51.68";"24.92";"13.31";"17.75";"3.4";"0.0";"0.0";"";"0";"0.0";"0.0";"0.0";"0.0";"0.0";"0.0";"0.0";"0.0";"0.0";"0.0";"0.0";"0.0";"0.0";"0.0";"0.0";"0.0"
"Strategy 4.4.458";"PASSED";"0.8";"NDXm_TICK_UTCPlus02";"M15";"7051.67";"";"1601";"1.16";"1.08";"0.09";"23.51";"0.86";"0.0";"1420.88";"0.83";"4.96";"0.63";"71.67";"51.27";"32.3";"27.37";"29.6";"11.18";"0.0";"0.0";"";"0";"0.0";"0.0";"0.0";"0.0";"0.0";"0.0";"0.0";"0.0";"0.0";"0.0";"0.0";"0.0";"0.0";"0.0";"0.0";"0.0"
"Strategy 4.5.401";"PASSED";"0.8";"NDXm_TICK_UTCPlus02";"M15";"6401.01";"";"1559";"1.16";"1.06";"0.08";"21.34";"0.79";"0.0";"1265.32";"0.94";"5.06";"0.75";"63.2";"51.24";"33.6";"30.45";"31.98";"11.64";"0.0";"0.0";"";"0";"0.0";"0.0";"0.0";"0.0";"0.0";"0.0";"0.0";"0.0";"0.0";"0.0";"0.0";"0.0";"0.0";"0.0";"0.0";"0.0"
"Strategy 4.5.481";"PASSED";"0.77";"NDXm_TICK_UTCPlus02";"M15";"5454.28";"";"943";"1.19";"0.96";"0.11";"18.18";"0.83";"0.0";"1325.24";"0.65";"4.12";"0.81";"92.84";"51.18";"27.36";"15.49";"20.18";"3.66";"0.0";"0.0";"";"0";"0.0";"0.0";"0.0";"0.0";"0.0";"0.0";"0.0";"0.0";"0.0";"0.0";"0.0";"0.0";"0.0";"0.0";"0.0";"0.0"
"Strategy 4.6.458";"PASSED";"0.81";"NDXm_TICK_UTCPlus02";"M15";"8449.39";"";"1751";"1.16";"1.13";"0.09";"28.16";"0.89";"0.0";"1543.1";"0.7";"5.48";"0.72";"84.98";"51.15";"31.6";"23.0";"26.54";"8.28";"0.0";"0.0";"";"0";"0.0";"0.0";"0.0";"0.0";"0.0";"0.0";"0.0";"0.0";"0.0";"0.0";"0.0";"0.0";"0.0";"0.0";"0.0";"0.0"
"Strategy 4.7.339";"PASSED";"0.78";"NDXm_TICK_UTCPlus02";"M15";"5762.9";"";"1658";"1.14";"0.98";"0.07";"19.21";"0.84";"0.0";"1345.14";"1.03";"4.28";"0.82";"56.51";"50.98";"29.79";"27.26";"28.54";"10.46";"0.0";"0.0";"";"0";"0.0";"0.0";"0.0";"0.0";"0.0";"0.0";"0.0";"0.0";"0.0";"0.0";"0.0";"0.0";"0.0";"0.0";"0.0";"0.0"
"Strategy 4.7.489";"PASSED";"0.81";"NDXm_TICK_UTCPlus02";"M15";"6805.65";"";"1923";"1.14";"1.07";"0.07";"22.69";"0.82";"0.0";"1291.1";"0.99";"5.27";"0.68";"58.95";"51.24";"34.59";"29.96";"32.26";"13.74";"0.0";"0.0";"";"0";"0.0";"0.0";"0.0";"0.0";"0.0";"0.0";"0.0";"0.0";"0.0";"0.0";"0.0";"0.0";"0.0";"0.0";"0.0";"0.0"
"Strategy 4.8.329";"PASSED";"0.77";"NDXm_TICK_UTCPlus02";"M15";"5105.26";"";"1585";"1.12";"0.86";"0.06";"17.02";"0.82";"0.0";"1225.34";"0.91";"4.17";"0.59";"62.9";"50.93";"34.72";"29.56";"32.02";"11.18";"0.0";"0.0";"";"0";"0.0";"0.0";"0.0";"0.0";"0.0";"0.0";"0.0";"0.0";"0.0";"0.0";"0.0";"0.0";"0.0";"0.0";"0.0";"0.0"
"Strategy 4.8.362";"PASSED";"0.79";"NDXm_TICK_UTCPlus02";"M15";"5813.48";"";"1832";"1.12";"0.88";"0.06";"19.38";"0.88";"0.0";"1266.29";"0.87";"4.59";"0.61";"65.62";"51.0";"20.17";"15.75";"17.8";"7.14";"0.0";"0.0";"";"0";"0.0";"0.0";"0.0";"0.0";"0.0";"0.0";"0.0";"0.0";"0.0";"0.0";"0.0";"0.0";"0.0";"0.0";"0.0";"0.0"
"Strategy 4.8.573";"PASSED";"0.8";"NDXm_TICK_UTCPlus02";"M15";"7471.03";"";"1801";"1.16";"1.17";"0.08";"24.9";"0.82";"0.0";"1504.97";"0.91";"4.96";"0.96";"64.72";"51.08";"37.63";"31.7";"34.53";"13.99";"0.0";"0.0";"";"0";"0.0";"0.0";"0.0";"0.0";"0.0";"0.0";"0.0";"0.0";"0.0";"0.0";"0.0";"0.0";"0.0";"0.0";"0.0";"0.0"
"Strategy 4.9.350";"PASSED";"0.8";"NDXm_TICK_UTCPlus02";"M15";"6773.71";"";"1674";"1.17";"1.21";"0.08";"22.58";"0.87";"0.0";"1372.6";"1.13";"4.93";"1.07";"53.0";"51.13";"23.03";"21.45";"22.29";"8.03";"0.0";"0.0";"";"0";"0.0";"0.0";"0.0";"0.0";"0.0";"0.0";"0.0";"0.0";"0.0";"0.0";"0.0";"0.0";"0.0";"0.0";"0.0";"0.0"
"Strategy 4.9.379";"PASSED";"0.78";"NDXm_TICK_UTCPlus02";"M15";"4495.07";"";"716";"1.22";"0.97";"0.12";"14.98";"0.86";"0.0";"1052.02";"0.79";"4.27";"0.72";"79.26";"51.38";"20.73";"14.57";"17.29";"0.88";"0.0";"0.0";"";"0";"0.0";"0.0";"0.0";"0.0";"0.0";"0.0";"0.0";"0.0";"0.0";"0.0";"0.0";"0.0";"0.0";"0.0";"0.0";"0.0"
"Strategy 4.9.392";"PASSED";"0.76";"NDXm_TICK_UTCPlus02";"M15";"7256.62";"";"2140";"1.15";"1.21";"0.07";"24.19";"0.79";"0.0";"1910.36";"1.23";"3.8";"0.89";"47.53";"50.97";"23.29";"22.72";"23.04";"10.8";"0.0";"0.0";"";"0";"0.0";"0.0";"0.0";"0.0";"0.0";"0.0";"0.0";"0.0";"0.0";"0.0";"0.0";"0.0";"0.0";"0.0";"0.0";"0.0"
"Strategy 4.9.416";"PASSED";"0.83";"NDXm_TICK_UTCPlus02";"M15";"7437.3";"";"2004";"1.16";"1.26";"0.07";"24.79";"0.79";"0.0";"1227.75";"1.22";"6.06";"0.95";"48.58";"51.11";"27.25";"27.0";"27.14";"11.89";"0.0";"0.0";"";"0";"0.0";"0.0";"0.0";"0.0";"0.0";"0.0";"0.0";"0.0";"0.0";"0.0";"0.0";"0.0";"0.0";"0.0";"0.0";"0.0"
"Strategy 2.4.496(1)";"PASSED";"0.82";"NDXm_TICK_UTCPlus02";"M15";"3532.7";"";"670";"1.23";"1.0";"0.1";"11.78";"0.85";"0.0";"633.47";"1.2";"5.58";"0.88";"52.1";"51.1";"13.62";"14.96";"14.23";"1.43";"0.0";"0.0";"";"0";"0.0";"0.0";"0.0";"0.0";"0.0";"0.0";"0.0";"0.0";"0.0";"0.0";"0.0";"0.0";"0.0";"0.0";"0.0";"0.0"
"Strategy 4.8.573(1)";"PASSED";"0.8";"NDXm_TICK_UTCPlus02";"M15";"7471.03";"";"1801";"1.16";"1.17";"0.08";"24.9";"0.82";"0.0";"1504.97";"0.91";"4.96";"0.96";"64.72";"51.08";"37.63";"31.7";"34.53";"13.99";"0.0";"0.0";"";"0";"0.0";"0.0";"0.0";"0.0";"0.0";"0.0";"0.0";"0.0";"0.0";"0.0";"0.0";"0.0";"0.0";"0.0";"0.0";"0.0"
"Strategy 2.9.510(1)";"PASSED";"0.8";"NDXm_TICK_UTCPlus02";"M15";"5750.17";"";"1289";"1.17";"1.03";"0.09";"19.17";"0.78";"0.0";"1186.0";"0.98";"4.85";"0.64";"62.73";"52.47";"29.32";"23.59";"26.43";"11.13";"0.0";"0.0";"";"0";"0.0";"0.0";"0.0";"0.0";"0.0";"0.0";"0.0";"0.0";"0.0";"0.0";"0.0";"0.0";"0.0";"0.0";"0.0";"0.0"
"Strategy 4.5.481(1)";"PASSED";"0.77";"NDXm_TICK_UTCPlus02";"M15";"5454.28";"";"943";"1.19";"0.96";"0.11";"18.18";"0.83";"0.0";"1325.24";"0.65";"4.12";"0.81";"92.84";"51.18";"27.36";"15.49";"20.18";"3.66";"0.0";"0.0";"";"0";"0.0";"0.0";"0.0";"0.0";"0.0";"0.0";"0.0";"0.0";"0.0";"0.0";"0.0";"0.0";"0.0";"0.0";"0.0";"0.0"
"Strategy 2.6.425(1)";"PASSED";"0.8";"NDXm_TICK_UTCPlus02";"M15";"5116.37";"";"1195";"1.16";"0.97";"0.08";"17.05";"0.83";"0.0";"1029.44";"0.93";"4.97";"0.85";"64.42";"51.68";"34.38";"29.95";"32.08";"7.1";"0.0";"0.0";"";"0";"0.0";"0.0";"0.0";"0.0";"0.0";"0.0";"0.0";"0.0";"0.0";"0.0";"0.0";"0.0";"0.0";"0.0";"0.0";"0.0"
"Strategy 3.7.565(1)";"PASSED";"0.87";"NDXm_TICK_UTCPlus02";"M15";"6526.81";"";"790";"1.29";"1.37";"0.16";"21.76";"0.86";"0.0";"743.12";"0.82";"8.78";"1.22";"82.31";"52.16";"17.84";"12.2";"14.74";"2.86";"0.0";"0.0";"";"0";"0.0";"0.0";"0.0";"0.0";"0.0";"0.0";"0.0";"0.0";"0.0";"0.0";"0.0";"0.0";"0.0";"0.0";"0.0";"0.0"
"Strategy 1.3.368(1)";"PASSED";"0.79";"NDXm_TICK_UTCPlus02";"M15";"7080.06";"";"2407";"1.1";"0.89";"0.06";"23.6";"0.84";"0.0";"1559.87";"0.81";"4.54";"0.6";"70.96";"51.96";"37.33";"26.14";"31.14";"23.57";"0.0";"0.0";"";"0";"0.0";"0.0";"0.0";"0.0";"0.0";"0.0";"0.0";"0.0";"0.0";"0.0";"0.0";"0.0";"0.0";"0.0";"0.0";"0.0"
"Strategy 3.9.399(1)";"PASSED";"0.74";"NDXm_TICK_UTCPlus02";"M15";"7226.44";"";"1108";"1.21";"1.17";"0.13";"24.09";"0.82";"0.0";"2116.22";"0.66";"3.41";"0.86";"95.46";"52.06";"31.5";"20.61";"24.93";"4.83";"0.0";"0.0";"";"0";"0.0";"0.0";"0.0";"0.0";"0.0";"0.0";"0.0";"0.0";"0.0";"0.0";"0.0";"0.0";"0.0";"0.0";"0.0";"0.0"
"Strategy 4.9.379(1)";"PASSED";"0.78";"NDXm_TICK_UTCPlus02";"M15";"4495.07";"";"716";"1.22";"0.97";"0.12";"14.98";"0.86";"0.0";"1052.02";"0.79";"4.27";"0.72";"79.26";"51.38";"20.73";"14.57";"17.29";"0.88";"0.0";"0.0";"";"0";"0.0";"0.0";"0.0";"0.0";"0.0";"0.0";"0.0";"0.0";"0.0";"0.0";"0.0";"0.0";"0.0";"0.0";"0.0";"0.0"
"Strategy 3.4.489(1)";"PASSED";"0.85";"NDXm_TICK_UTCPlus02";"M15";"7121.89";"";"1152";"1.24";"1.36";"0.12";"23.74";"0.88";"0.0";"935.61";"0.99";"7.61";"1.25";"64.73";"51.56";"18.06";"15.44";"16.74";"4.03";"0.0";"0.0";"";"0";"0.0";"0.0";"0.0";"0.0";"0.0";"0.0";"0.0";"0.0";"0.0";"0.0";"0.0";"0.0";"0.0";"0.0";"0.0";"0.0"
"Strategy 2.9.411(1)";"PASSED";"0.81";"NDXm_TICK_UTCPlus02";"M15";"6644.18";"";"2047";"1.12";"0.98";"0.06";"22.15";"0.9";"0.0";"1262.18";"0.92";"5.26";"0.69";"62.11";"50.92";"27.63";"20.75";"24.05";"10.63";"0.0";"0.0";"";"0";"0.0";"0.0";"0.0";"0.0";"0.0";"0.0";"0.0";"0.0";"0.0";"0.0";"0.0";"0.0";"0.0";"0.0";"0.0";"0.0"
"Strategy 1.1.407(1)";"PASSED";"0.75";"NDXm_TICK_UTCPlus02";"M15";"5112.31";"";"1499";"1.11";"0.73";"0.07";"17.04";"0.85";"0.0";"1388.08";"0.64";"3.68";"0.53";"88.2";"51.16";"27.96";"17.88";"21.83";"7.02";"0.0";"0.0";"";"0";"0.0";"0.0";"0.0";"0.0";"0.0";"0.0";"0.0";"0.0";"0.0";"0.0";"0.0";"0.0";"0.0";"0.0";"0.0";"0.0"
"Strategy 4.4.458(1)";"PASSED";"0.8";"NDXm_TICK_UTCPlus02";"M15";"7051.67";"";"1601";"1.16";"1.08";"0.09";"23.51";"0.86";"0.0";"1420.88";"0.83";"4.96";"0.63";"71.67";"51.27";"32.3";"27.37";"29.6";"11.18";"0.0";"0.0";"";"0";"0.0";"0.0";"0.0";"0.0";"0.0";"0.0";"0.0";"0.0";"0.0";"0.0";"0.0";"0.0";"0.0";"0.0";"0.0";"0.0"
"Strategy 4.11.418(1)";"PASSED";"0.74";"NDXm_TICK_UTCPlus02";"M15";"6289.35";"";"1979";"1.14";"1.09";"0.06";"20.96";"0.82";"0.0";"1866.25";"1.22";"3.37";"0.82";"47.62";"50.98";"22.01";"21.29";"21.69";"9.37";"0.0";"0.0";"";"0";"0.0";"0.0";"0.0";"0.0";"0.0";"0.0";"0.0";"0.0";"0.0";"0.0";"0.0";"0.0";"0.0";"0.0";"0.0";"0.0"
"Strategy 3.10.562(1)";"PASSED";"0.82";"NDXm_TICK_UTCPlus02";"M15";"12500.9";"";"3407";"1.14";"1.42";"0.07";"41.67";"0.83";"0.0";"2211.92";"0.92";"5.65";"1.19";"63.36";"51.08";"20.14";"16.54";"18.26";"12.73";"0.0";"0.0";"";"0";"0.0";"0.0";"0.0";"0.0";"0.0";"0.0";"0.0";"0.0";"0.0";"0.0";"0.0";"0.0";"0.0";"0.0";"0.0";"0.0"
"Strategy 3.4.483";"PASSED";"0.7";"NDXm_TICK_UTCPlus02";"M15";"4372.87";"";"1136";"1.14";"0.86";"0.08";"14.58";"0.73";"0.0";"1680.24";"0.91";"2.6";"0.62";"63.78";"50.84";"20.45";"17.06";"18.67";"4.54";"0.0";"0.0";"";"0";"0.0";"0.0";"0.0";"0.0";"0.0";"0.0";"0.0";"0.0";"0.0";"0.0";"0.0";"0.0";"0.0";"0.0";"0.0";"0.0"
"Strategy 3.4.356(1)";"PASSED";"0.82";"NDXm_TICK_UTCPlus02";"M15";"7658.09";"";"1911";"1.19";"1.4";"0.08";"25.53";"0.87";"0.0";"1374.11";"1.51";"5.57";"0.68";"40.82";"51.62";"14.06";"14.17";"14.1";"10.34";"0.0";"0.0";"";"0";"0.0";"0.0";"0.0";"0.0";"0.0";"0.0";"0.0";"0.0";"0.0";"0.0";"0.0";"0.0";"0.0";"0.0";"0.0";"0.0"
"Strategy 3.2.400";"PASSED";"0.87";"NDXm_TICK_UTCPlus02";"M15";"7522.59";"";"1054";"1.28";"1.49";"0.14";"25.08";"0.84";"0.0";"894.66";"0.99";"8.41";"1.14";"66.48";"51.54";"16.18";"13.13";"14.65";"3.61";"0.0";"0.0";"";"0";"0.0";"0.0";"0.0";"0.0";"0.0";"0.0";"0.0";"0.0";"0.0";"0.0";"0.0";"0.0";"0.0";"0.0";"0.0";"0.0"
"Strategy 3.10.313(1)";"PASSED";"0.76";"NDXm_TICK_UTCPlus02";"M15";"5518.92";"";"2584";"1.1";"0.83";"0.04";"18.4";"0.87";"0.0";"1461.67";"1.31";"3.78";"0.57";"43.38";"51.78";"16.45";"16.21";"16.34";"13.32";"0.0";"0.0";"";"0";"0.0";"0.0";"0.0";"0.0";"0.0";"0.0";"0.0";"0.0";"0.0";"0.0";"0.0";"0.0";"0.0";"0.0";"0.0";"0.0"
"Strategy 3.9.490(1)";"PASSED";"0.8";"NDXm_TICK_UTCPlus02";"M15";"11430.06";"";"3303";"1.13";"1.33";"0.07";"38.1";"0.87";"0.0";"2225.52";"0.91";"5.14";"0.91";"63.33";"51.18";"21.29";"17.01";"19.05";"13.95";"0.0";"0.0";"";"0";"0.0";"0.0";"0.0";"0.0";"0.0";"0.0";"0.0";"0.0";"0.0";"0.0";"0.0";"0.0";"0.0";"0.0";"0.0";"0.0"
"Strategy 4.8.329(1)";"PASSED";"0.77";"NDXm_TICK_UTCPlus02";"M15";"5105.26";"";"1585";"1.12";"0.86";"0.06";"17.02";"0.82";"0.0";"1225.34";"0.91";"4.17";"0.59";"62.9";"50.93";"34.72";"29.56";"32.02";"11.18";"0.0";"0.0";"";"0";"0.0";"0.0";"0.0";"0.0";"0.0";"0.0";"0.0";"0.0";"0.0";"0.0";"0.0";"0.0";"0.0";"0.0";"0.0";"0.0"
"Strategy 3.8.451";"PASSED";"0.84";"NDXm_TICK_UTCPlus02";"M15";"7186.01";"";"1791";"1.15";"1.07";"0.08";"23.95";"0.89";"0.0";"1095.12";"0.96";"6.56";"0.85";"62.37";"51.98";"15.61";"14.0";"14.79";"7.94";"0.0";"0.0";"";"0";"0.0";"0.0";"0.0";"0.0";"0.0";"0.0";"0.0";"0.0";"0.0";"0.0";"0.0";"0.0";"0.0";"0.0";"0.0";"0.0"
"Strategy 4.9.359";"PASSED";"0.76";"NDXm_TICK_UTCPlus02";"M15";"4075.15";"";"747";"1.18";"0.84";"0.11";"13.58";"0.83";"0.0";"1051.38";"0.65";"3.88";"0.62";"90.81";"50.25";"13.98";"9.66";"11.36";"0.42";"0.0";"0.0";"";"0";"0.0";"0.0";"0.0";"0.0";"0.0";"0.0";"0.0";"0.0";"0.0";"0.0";"0.0";"0.0";"0.0";"0.0";"0.0";"0.0"
"Strategy 3.9.403(1)";"PASSED";"0.8";"NDXm_TICK_UTCPlus02";"M15";"6334.72";"";"2144";"1.12";"0.97";"0.06";"21.12";"0.87";"0.0";"1254.77";"1.1";"5.05";"0.73";"52.54";"51.79";"27.32";"23.61";"25.56";"16.47";"0.0";"0.0";"";"0";"0.0";"0.0";"0.0";"0.0";"0.0";"0.0";"0.0";"0.0";"0.0";"0.0";"0.0";"0.0";"0.0";"0.0";"0.0";"0.0"
"Strategy 4.9.350(1)";"PASSED";"0.8";"NDXm_TICK_UTCPlus02";"M15";"6773.71";"";"1674";"1.17";"1.21";"0.08";"22.58";"0.87";"0.0";"1372.6";"1.13";"4.93";"1.07";"53.0";"51.13";"23.03";"21.45";"22.29";"8.03";"0.0";"0.0";"";"0";"0.0";"0.0";"0.0";"0.0";"0.0";"0.0";"0.0";"0.0";"0.0";"0.0";"0.0";"0.0";"0.0";"0.0";"0.0";"0.0"
"Strategy 1.2.353(1)";"PASSED";"0.82";"NDXm_TICK_UTCPlus02";"M15";"6796.6";"";"1169";"1.22";"1.29";"0.11";"22.66";"0.87";"0.0";"1142.79";"0.95";"5.95";"1.03";"65.56";"51.04";"11.44";"8.96";"10.17";"1.93";"0.0";"0.0";"";"0";"0.0";"0.0";"0.0";"0.0";"0.0";"0.0";"0.0";"0.0";"0.0";"0.0";"0.0";"0.0";"0.0";"0.0";"0.0";"0.0"
"Strategy 2.5.538(1)";"PASSED";"0.73";"NDXm_TICK_UTCPlus02";"M15";"4701.56";"";"1132";"1.18";"1.08";"0.08";"15.67";"0.76";"0.0";"1498.89";"1.19";"3.14";"0.77";"49.99";"50.57";"22.43";"19.4";"21.05";"4.54";"0.0";"0.0";"";"0";"0.0";"0.0";"0.0";"0.0";"0.0";"0.0";"0.0";"0.0";"0.0";"0.0";"0.0";"0.0";"0.0";"0.0";"0.0";"0.0"
"Strategy 1.2.478(1)";"PASSED";"0.75";"NDXm_TICK_UTCPlus02";"M15";"5009.79";"";"1235";"1.17";"1.06";"0.08";"16.7";"0.79";"0.0";"1369.52";"1.21";"3.66";"0.79";"49.86";"51.51";"16.06";"15.25";"15.69";"5.04";"0.0";"0.0";"";"0";"0.0";"0.0";"0.0";"0.0";"0.0";"0.0";"0.0";"0.0";"0.0";"0.0";"0.0";"0.0";"0.0";"0.0";"0.0";"0.0"
"Strategy 4.10.503(1)";"PASSED";"0.84";"NDXm_TICK_UTCPlus02";"M15";"5120.16";"";"1341";"1.18";"1.12";"0.07";"17.07";"0.81";"0.0";"770.22";"1.38";"6.65";"0.86";"44.08";"51.81";"21.21";"21.98";"21.53";"8.91";"0.0";"0.0";"";"0";"0.0";"0.0";"0.0";"0.0";"0.0";"0.0";"0.0";"0.0";"0.0";"0.0";"0.0";"0.0";"0.0";"0.0";"0.0";"0.0"
"Strategy 3.10.463(1)";"PASSED";"0.72";"NDXm_TICK_UTCPlus02";"M15";"4152.21";"";"1111";"1.14";"0.8";"0.07";"13.84";"0.85";"0.0";"1394.75";"0.91";"2.98";"0.65";"65.3";"52.42";"41.63";"35.0";"38.16";"10.08";"0.0";"0.0";"";"0";"0.0";"0.0";"0.0";"0.0";"0.0";"0.0";"0.0";"0.0";"0.0";"0.0";"0.0";"0.0";"0.0";"0.0";"0.0";"0.0"
"Strategy 3.10.342(1)";"PASSED";"0.86";"NDXm_TICK_UTCPlus02";"M15";"11902.55";"";"2930";"1.14";"1.29";"0.08";"39.68";"0.9";"0.0";"1455.5";"0.79";"8.18";"0.91";"74.08";"51.47";"28.9";"21.71";"24.89";"15.34";"0.0";"0.0";"";"0";"0.0";"0.0";"0.0";"0.0";"0.0";"0.0";"0.0";"0.0";"0.0";"0.0";"0.0";"0.0";"0.0";"0.0";"0.0";"0.0"
"Strategy 3.6.436(1)";"PASSED";"0.85";"NDXm_TICK_UTCPlus02";"M15";"6145.48";"";"870";"1.27";"1.35";"0.14";"20.49";"0.83";"0.0";"811.7";"0.99";"7.57";"1.13";"66.36";"51.42";"18.08";"14.21";"16.13";"3.32";"0.0";"0.0";"";"0";"0.0";"0.0";"0.0";"0.0";"0.0";"0.0";"0.0";"0.0";"0.0";"0.0";"0.0";"0.0";"0.0";"0.0";"0.0";"0.0"
"Strategy 2.3.487(1)";"PASSED";"0.78";"NDXm_TICK_UTCPlus02";"M15";"7269.32";"";"1191";"1.19";"1.08";"0.12";"24.23";"0.81";"0.0";"1634.73";"0.62";"4.45";"0.87";"99.03";"51.34";"19.37";"13.11";"15.5";"3.03";"0.0";"0.0";"";"0";"0.0";"0.0";"0.0";"0.0";"0.0";"0.0";"0.0";"0.0";"0.0";"0.0";"0.0";"0.0";"0.0";"0.0";"0.0";"0.0"
"Strategy 4.7.339(1)";"PASSED";"0.78";"NDXm_TICK_UTCPlus02";"M15";"5762.9";"";"1658";"1.14";"0.98";"0.07";"19.21";"0.84";"0.0";"1345.14";"1.03";"4.28";"0.82";"56.51";"50.98";"29.79";"27.26";"28.54";"10.46";"0.0";"0.0";"";"0";"0.0";"0.0";"0.0";"0.0";"0.0";"0.0";"0.0";"0.0";"0.0";"0.0";"0.0";"0.0";"0.0";"0.0";"0.0";"0.0"
"Strategy 3.4.379(1)";"PASSED";"0.75";"NDXm_TICK_UTCPlus02";"M15";"3669.25";"";"698";"1.18";"0.82";"0.1";"12.23";"0.87";"0.0";"1037.59";"0.75";"3.54";"0.52";"79.79";"50.6";"26.92";"18.31";"22.0";"2.69";"0.0";"0.0";"";"0";"0.0";"0.0";"0.0";"0.0";"0.0";"0.0";"0.0";"0.0";"0.0";"0.0";"0.0";"0.0";"0.0";"0.0";"0.0";"0.0"
"Strategy 3.7.483(1)";"PASSED";"0.83";"NDXm_TICK_UTCPlus02";"M15";"7295.6";"";"1438";"1.17";"1.1";"0.1";"24.32";"0.91";"0.0";"1199.19";"0.72";"6.08";"0.78";"83.76";"51.59";"15.82";"10.52";"12.74";"4.2";"0.0";"0.0";"";"0";"0.0";"0.0";"0.0";"0.0";"0.0";"0.0";"0.0";"0.0";"0.0";"0.0";"0.0";"0.0";"0.0";"0.0";"0.0";"0.0"
"Strategy 4.2.454(1)";"PASSED";"0.84";"NDXm_TICK_UTCPlus02";"M15";"6353.71";"";"1292";"1.23";"1.37";"0.1";"21.18";"0.88";"0.0";"921.71";"1.43";"6.89";"0.83";"44.09";"51.22";"12.88";"12.94";"12.9";"3.99";"0.0";"0.0";"";"0";"0.0";"0.0";"0.0";"0.0";"0.0";"0.0";"0.0";"0.0";"0.0";"0.0";"0.0";"0.0";"0.0";"0.0";"0.0";"0.0"
"Strategy 3.3.454(1)";"PASSED";"0.73";"NDXm_TICK_UTCPlus02";"M15";"3482.32";"";"702";"1.18";"0.83";"0.1";"11.61";"0.86";"0.0";"1120.46";"0.83";"3.11";"0.48";"72.08";"50.62";"23.68";"17.14";"20.1";"2.48";"0.0";"0.0";"";"0";"0.0";"0.0";"0.0";"0.0";"0.0";"0.0";"0.0";"0.0";"0.0";"0.0";"0.0";"0.0";"0.0";"0.0";"0.0";"0.0"
"Strategy 3.6.327(1)";"PASSED";"0.76";"NDXm_TICK_UTCPlus02";"M15";"6458.38";"";"2085";"1.11";"0.89";"0.06";"21.53";"0.87";"0.0";"1698.28";"0.89";"3.8";"0.63";"65.44";"52.19";"23.35";"19.26";"21.18";"13.15";"0.0";"0.0";"";"0";"0.0";"0.0";"0.0";"0.0";"0.0";"0.0";"0.0";"0.0";"0.0";"0.0";"0.0";"0.0";"0.0";"0.0";"0.0";"0.0"
"Strategy 3.6.326(1)";"PASSED";"0.75";"NDXm_TICK_UTCPlus02";"M15";"3692.15";"";"596";"1.24";"0.99";"0.12";"12.31";"0.85";"0.0";"1026.3";"0.92";"3.6";"0.79";"67.64";"50.49";"23.13";"19.32";"21.15";"0.63";"0.0";"0.0";"";"0";"0.0";"0.0";"0.0";"0.0";"0.0";"0.0";"0.0";"0.0";"0.0";"0.0";"0.0";"0.0";"0.0";"0.0";"0.0";"0.0"
"Strategy 1.5.423(1)";"PASSED";"0.73";"NDXm_TICK_UTCPlus02";"M15";"3937.35";"";"1113";"1.15";"0.86";"0.07";"13.12";"0.82";"0.0";"1231.59";"1.11";"3.2";"0.63";"53.08";"51.35";"16.15";"16.73";"16.43";"2.9";"0.0";"0.0";"";"0";"0.0";"0.0";"0.0";"0.0";"0.0";"0.0";"0.0";"0.0";"0.0";"0.0";"0.0";"0.0";"0.0";"0.0";"0.0";"0.0"
"Strategy 3.7.455(1)";"PASSED";"0.84";"NDXm_TICK_UTCPlus02";"M15";"8738.8";"";"2355";"1.13";"1.08";"0.07";"29.13";"0.88";"0.0";"1248.73";"0.8";"7.0";"0.91";"73.53";"52.27";"27.65";"19.92";"23.36";"15.92";"0.0";"0.0";"";"0";"0.0";"0.0";"0.0";"0.0";"0.0";"0.0";"0.0";"0.0";"0.0";"0.0";"0.0";"0.0";"0.0";"0.0";"0.0";"0.0"
"Strategy 3.3.364";"PASSED";"0.85";"NDXm_TICK_UTCPlus02";"M15";"5469.32";"";"865";"1.26";"1.26";"0.12";"18.23";"0.82";"0.0";"742.78";"1.07";"7.36";"1.06";"60.05";"51.4";"18.37";"15.85";"17.15";"3.4";"0.0";"0.0";"";"0";"0.0";"0.0";"0.0";"0.0";"0.0";"0.0";"0.0";"0.0";"0.0";"0.0";"0.0";"0.0";"0.0";"0.0";"0.0";"0.0"
"Strategy 2.7.492(1)";"PASSED";"0.83";"NDXm_TICK_UTCPlus02";"M15";"7245.69";"";"1034";"1.27";"1.43";"0.14";"24.15";"0.77";"0.0";"1189.25";"0.96";"6.09";"1.2";"67.95";"51.4";"17.07";"15.73";"16.38";"2.56";"0.0";"0.0";"";"0";"0.0";"0.0";"0.0";"0.0";"0.0";"0.0";"0.0";"0.0";"0.0";"0.0";"0.0";"0.0";"0.0";"0.0";"0.0";"0.0"
"Strategy 1.6.430(1)";"PASSED";"0.71";"NDXm_TICK_UTCPlus02";"M15";"2836.57";"";"754";"1.14";"0.68";"0.07";"9.46";"0.88";"0.0";"1014.43";"0.86";"2.8";"0.52";"66.92";"50.66";"50.35";"45.4";"47.69";"6.39";"0.0";"0.0";"";"0";"0.0";"0.0";"0.0";"0.0";"0.0";"0.0";"0.0";"0.0";"0.0";"0.0";"0.0";"0.0";"0.0";"0.0";"0.0";"0.0"
"Strategy 2.4.397(1)";"PASSED";"0.88";"NDXm_TICK_UTCPlus02";"M15";"9457.21";"";"824";"1.38";"1.63";"0.22";"31.52";"0.89";"0.0";"999.45";"0.72";"9.46";"1.2";"98.55";"51.55";"24.09";"15.36";"19.03";"2.9";"0.0";"0.0";"";"0";"0.0";"0.0";"0.0";"0.0";"0.0";"0.0";"0.0";"0.0";"0.0";"0.0";"0.0";"0.0";"0.0";"0.0";"0.0";"0.0"
"Strategy 4.2.325(1)";"PASSED";"0.73";"NDXm_TICK_UTCPlus02";"M15";"2789.76";"";"959";"1.12";"0.67";"0.06";"9.3";"0.85";"0.0";"891.43";"1.16";"3.13";"0.51";"49.18";"50.76";"15.93";"15.01";"15.5";"3.11";"0.0";"0.0";"";"0";"0.0";"0.0";"0.0";"0.0";"0.0";"0.0";"0.0";"0.0";"0.0";"0.0";"0.0";"0.0";"0.0";"0.0";"0.0";"0.0"
"Strategy 2.6.321(1)";"PASSED";"0.79";"NDXm_TICK_UTCPlus02";"M15";"6112.89";"";"2219";"1.1";"0.89";"0.05";"20.38";"0.83";"0.0";"1335.25";"0.9";"4.58";"0.59";"62.06";"50.8";"27.85";"20.95";"24.22";"11.22";"0.0";"0.0";"";"0";"0.0";"0.0";"0.0";"0.0";"0.0";"0.0";"0.0";"0.0";"0.0";"0.0";"0.0";"0.0";"0.0";"0.0";"0.0";"0.0"
"Strategy 3.8.383(1)";"PASSED";"0.81";"NDXm_TICK_UTCPlus02";"M15";"5977.53";"";"1834";"1.12";"0.94";"0.06";"19.92";"0.88";"0.0";"1152.62";"0.98";"5.19";"0.74";"59.68";"51.82";"32.63";"26.61";"29.58";"16.6";"0.0";"0.0";"";"0";"0.0";"0.0";"0.0";"0.0";"0.0";"0.0";"0.0";"0.0";"0.0";"0.0";"0.0";"0.0";"0.0";"0.0";"0.0";"0.0"
"Strategy 3.8.388(1)";"PASSED";"0.87";"NDXm_TICK_UTCPlus02";"M15";"9156.83";"";"1991";"1.17";"1.28";"0.09";"30.52";"0.89";"0.0";"1040.42";"0.91";"8.8";"1.12";"67.25";"52.23";"28.26";"21.18";"24.55";"14.66";"0.0";"0.0";"";"0";"0.0";"0.0";"0.0";"0.0";"0.0";"0.0";"0.0";"0.0";"0.0";"0.0";"0.0";"0.0";"0.0";"0.0";"0.0";"0.0"
"Strategy 1.2.341(1)";"PASSED";"0.74";"NDXm_TICK_UTCPlus02";"M15";"5008.17";"";"1443";"1.11";"0.73";"0.07";"16.69";"0.85";"0.0";"1444.79";"0.65";"3.47";"0.5";"87.97";"51.22";"28.18";"18.09";"22.06";"7.02";"0.0";"0.0";"";"0";"0.0";"0.0";"0.0";"0.0";"0.0";"0.0";"0.0";"0.0";"0.0";"0.0";"0.0";"0.0";"0.0";"0.0";"0.0";"0.0"
"Strategy 4.8.362(1)";"PASSED";"0.79";"NDXm_TICK_UTCPlus02";"M15";"5813.48";"";"1832";"1.12";"0.88";"0.06";"19.38";"0.88";"0.0";"1266.29";"0.87";"4.59";"0.61";"65.62";"51.0";"20.17";"15.75";"17.8";"7.14";"0.0";"0.0";"";"0";"0.0";"0.0";"0.0";"0.0";"0.0";"0.0";"0.0";"0.0";"0.0";"0.0";"0.0";"0.0";"0.0";"0.0";"0.0";"0.0"
"Strategy 1.7.369";"PASSED";"0.85";"NDXm_TICK_UTCPlus02";"M15";"7976.69";"";"1611";"1.16";"1.17";"0.1";"26.59";"0.83";"0.0";"1108.81";"0.66";"7.19";"0.92";"88.82";"50.04";"10.81";"7.18";"8.62";"0.25";"0.0";"0.0";"";"0";"0.0";"0.0";"0.0";"0.0";"0.0";"0.0";"0.0";"0.0";"0.0";"0.0";"0.0";"0.0";"0.0";"0.0";"0.0";"0.0"
"Strategy 3.7.346(1)";"PASSED";"0.79";"NDXm_TICK_UTCPlus02";"M15";"6803.7";"";"2869";"1.1";"0.96";"0.05";"22.68";"0.85";"0.0";"1447.86";"1.28";"4.7";"0.61";"44.69";"51.6";"15.69";"15.28";"15.51";"13.82";"0.0";"0.0";"";"0";"0.0";"0.0";"0.0";"0.0";"0.0";"0.0";"0.0";"0.0";"0.0";"0.0";"0.0";"0.0";"0.0";"0.0";"0.0";"0.0"
"Strategy 4.9.392(1)";"PASSED";"0.76";"NDXm_TICK_UTCPlus02";"M15";"7256.62";"";"2140";"1.15";"1.21";"0.07";"24.19";"0.79";"0.0";"1910.36";"1.23";"3.8";"0.89";"47.53";"50.97";"23.29";"22.72";"23.04";"10.8";"0.0";"0.0";"";"0";"0.0";"0.0";"0.0";"0.0";"0.0";"0.0";"0.0";"0.0";"0.0";"0.0";"0.0";"0.0";"0.0";"0.0";"0.0";"0.0"
"Strategy 4.1.511";"PASSED";"0.85";"NDXm_TICK_UTCPlus02";"M15";"4096.98";"";"520";"1.34";"1.26";"0.16";"13.66";"0.87";"0.0";"579.53";"1.16";"7.07";"0.94";"57.99";"50.14";"11.37";"10.21";"10.83";"0.55";"0.0";"0.0";"";"0";"0.0";"0.0";"0.0";"0.0";"0.0";"0.0";"0.0";"0.0";"0.0";"0.0";"0.0";"0.0";"0.0";"0.0";"0.0";"0.0"
"Strategy 4.10.542";"PASSED";"0.78";"NDXm_TICK_UTCPlus02";"M15";"9109.07";"";"3372";"1.13";"1.29";"0.05";"30.37";"0.87";"0.0";"2109.2";"1.43";"4.32";"1.08";"39.96";"50.49";"10.39";"10.31";"10.36";"6.68";"0.0";"0.0";"";"0";"0.0";"0.0";"0.0";"0.0";"0.0";"0.0";"0.0";"0.0";"0.0";"0.0";"0.0";"0.0";"0.0";"0.0";"0.0";"0.0"
"Strategy 3.5.430(1)";"PASSED";"0.83";"NDXm_TICK_UTCPlus02";"M15";"6139.44";"";"941";"1.21";"1.07";"0.13";"20.46";"0.84";"0.0";"1006.96";"0.63";"6.1";"0.82";"99.3";"51.74";"30.3";"16.79";"22.0";"4.96";"0.0";"0.0";"";"0";"0.0";"0.0";"0.0";"0.0";"0.0";"0.0";"0.0";"0.0";"0.0";"0.0";"0.0";"0.0";"0.0";"0.0";"0.0";"0.0"
"Strategy 4.10.548(1)";"PASSED";"0.76";"NDXm_TICK_UTCPlus02";"M15";"7321.06";"";"2152";"1.15";"1.22";"0.07";"24.4";"0.85";"0.0";"1935.65";"1.24";"3.78";"0.85";"47.6";"51.27";"22.07";"21.83";"21.96";"9.62";"0.0";"0.0";"";"0";"0.0";"0.0";"0.0";"0.0";"0.0";"0.0";"0.0";"0.0";"0.0";"0.0";"0.0";"0.0";"0.0";"0.0";"0.0";"0.0"
"Strategy 4.11.328(1)";"PASSED";"0.79";"NDXm_TICK_UTCPlus02";"M15";"6045.73";"";"1552";"1.15";"1.03";"0.08";"20.15";"0.86";"0.0";"1332.59";"0.98";"4.54";"0.59";"59.8";"51.15";"30.13";"26.68";"28.39";"9.5";"0.0";"0.0";"";"0";"0.0";"0.0";"0.0";"0.0";"0.0";"0.0";"0.0";"0.0";"0.0";"0.0";"0.0";"0.0";"0.0";"0.0";"0.0";"0.0"
"Strategy 4.5.401(1)";"PASSED";"0.8";"NDXm_TICK_UTCPlus02";"M15";"6401.01";"";"1559";"1.16";"1.06";"0.08";"21.34";"0.79";"0.0";"1265.32";"0.94";"5.06";"0.75";"63.2";"51.24";"33.6";"30.45";"31.98";"11.64";"0.0";"0.0";"";"0";"0.0";"0.0";"0.0";"0.0";"0.0";"0.0";"0.0";"0.0";"0.0";"0.0";"0.0";"0.0";"0.0";"0.0";"0.0";"0.0"
"Strategy 3.8.523(1)";"PASSED";"0.79";"NDXm_TICK_UTCPlus02";"M15";"6266.12";"";"1985";"1.12";"0.92";"0.06";"20.89";"0.81";"0.0";"1348.49";"0.95";"4.65";"0.74";"60.6";"51.41";"18.63";"16.18";"17.37";"7.27";"0.0";"0.0";"";"0";"0.0";"0.0";"0.0";"0.0";"0.0";"0.0";"0.0";"0.0";"0.0";"0.0";"0.0";"0.0";"0.0";"0.0";"0.0";"0.0"
"Strategy 3.6.474(1)";"PASSED";"0.86";"NDXm_TICK_UTCPlus02";"M15";"8167.34";"";"1852";"1.18";"1.27";"0.09";"27.22";"0.83";"0.0";"1060.75";"1.14";"7.7";"0.96";"53.65";"51.78";"12.36";"10.84";"11.65";"7.77";"0.0";"0.0";"";"0";"0.0";"0.0";"0.0";"0.0";"0.0";"0.0";"0.0";"0.0";"0.0";"0.0";"0.0";"0.0";"0.0";"0.0";"0.0";"0.0"
"Strategy 1.3.524(1)";"PASSED";"0.71";"NDXm_TICK_UTCPlus02";"M15";"7729.29";"";"1876";"1.13";"0.97";"0.08";"25.76";"0.78";"0.0";"2737.26";"0.62";"2.82";"0.81";"93.05";"51.27";"28.4";"17.54";"21.71";"8.57";"0.0";"0.0";"";"0";"0.0";"0.0";"0.0";"0.0";"0.0";"0.0";"0.0";"0.0";"0.0";"0.0";"0.0";"0.0";"0.0";"0.0";"0.0";"0.0"
"Strategy 3.3.490(1)";"PASSED";"0.8";"NDXm_TICK_UTCPlus02";"M15";"6119.39";"";"1978";"1.15";"1.1";"0.06";"20.4";"0.82";"0.0";"1229.06";"1.43";"4.98";"0.64";"41.11";"51.26";"11.4";"11.75";"11.54";"7.94";"0.0";"0.0";"";"0";"0.0";"0.0";"0.0";"0.0";"0.0";"0.0";"0.0";"0.0";"0.0";"0.0";"0.0";"0.0";"0.0";"0.0";"0.0";"0.0"
"Strategy 3.5.441(1)";"PASSED";"0.81";"NDXm_TICK_UTCPlus02";"M15";"7420.6";"";"1901";"1.19";"1.36";"0.08";"24.74";"0.87";"0.0";"1416.59";"1.5";"5.24";"0.64";"40.81";"51.62";"14.06";"14.12";"14.08";"10.08";"0.0";"0.0";"";"0";"0.0";"0.0";"0.0";"0.0";"0.0";"0.0";"0.0";"0.0";"0.0";"0.0";"0.0";"0.0";"0.0";"0.0";"0.0";"0.0"
"Strategy 3.8.515(1)";"PASSED";"0.82";"NDXm_TICK_UTCPlus02";"M15";"9985.33";"";"3152";"1.11";"1.06";"0.06";"33.28";"0.88";"0.0";"1723.94";"0.77";"5.79";"0.83";"74.03";"51.52";"28.4";"20.38";"23.87";"16.47";"0.0";"0.0";"";"0";"0.0";"0.0";"0.0";"0.0";"0.0";"0.0";"0.0";"0.0";"0.0";"0.0";"0.0";"0.0";"0.0";"0.0";"0.0";"0.0"
"Strategy 2.6.377(1)";"PASSED";"0.85";"NDXm_TICK_UTCPlus02";"M15";"9053.35";"";"1698";"1.22";"1.5";"0.1";"30.18";"0.9";"0.0";"1285.71";"1.11";"7.04";"1.25";"57.04";"52.16";"28.07";"23.57";"25.94";"13.19";"0.0";"0.0";"";"0";"0.0";"0.0";"0.0";"0.0";"0.0";"0.0";"0.0";"0.0";"0.0";"0.0";"0.0";"0.0";"0.0";"0.0";"0.0";"0.0"
"Strategy 3.1.428(1)";"PASSED";"0.77";"NDXm_TICK_UTCPlus02";"M15";"6326.33";"";"966";"1.22";"1.11";"0.13";"21.09";"0.81";"0.0";"1578.92";"0.7";"4.01";"0.68";"88.49";"51.11";"19.17";"14.69";"16.54";"2.35";"0.0";"0.0";"";"0";"0.0";"0.0";"0.0";"0.0";"0.0";"0.0";"0.0";"0.0";"0.0";"0.0";"0.0";"0.0";"0.0";"0.0";"0.0";"0.0"
"Strategy 4.9.416(1)";"PASSED";"0.83";"NDXm_TICK_UTCPlus02";"M15";"7437.3";"";"2004";"1.16";"1.26";"0.07";"24.79";"0.79";"0.0";"1227.75";"1.22";"6.06";"0.95";"48.58";"51.11";"27.25";"27.0";"27.14";"11.89";"0.0";"0.0";"";"0";"0.0";"0.0";"0.0";"0.0";"0.0";"0.0";"0.0";"0.0";"0.0";"0.0";"0.0";"0.0";"0.0";"0.0";"0.0";"0.0"
"Strategy 1.4.420(1)";"PASSED";"0.84";"NDXm_TICK_UTCPlus02";"M15";"9759.87";"";"1636";"1.2";"1.34";"0.12";"32.53";"0.86";"0.0";"1480.94";"0.7";"6.59";"1.19";"88.63";"51.66";"20.3";"14.38";"16.81";"5.76";"0.0";"0.0";"";"0";"0.0";"0.0";"0.0";"0.0";"0.0";"0.0";"0.0";"0.0";"0.0";"0.0";"0.0";"0.0";"0.0";"0.0";"0.0";"0.0"
"Strategy 2.10.404(1)";"PASSED";"0.81";"NDXm_TICK_UTCPlus02";"M15";"10157.59";"";"3089";"1.12";"1.19";"0.06";"33.86";"0.88";"0.0";"1882.33";"0.91";"5.4";"0.97";"62.98";"51.05";"15.84";"12.52";"14.1";"9.16";"0.0";"0.0";"";"0";"0.0";"0.0";"0.0";"0.0";"0.0";"0.0";"0.0";"0.0";"0.0";"0.0";"0.0";"0.0";"0.0";"0.0";"0.0";"0.0"
"Strategy 3.4.528(1)";"PASSED";"0.78";"NDXm_TICK_UTCPlus02";"M15";"6841.02";"";"2235";"1.13";"1.02";"0.06";"22.8";"0.85";"0.0";"1542.39";"1.12";"4.44";"0.65";"52.18";"51.78";"27.07";"22.84";"25.07";"17.06";"0.0";"0.0";"";"0";"0.0";"0.0";"0.0";"0.0";"0.0";"0.0";"0.0";"0.0";"0.0";"0.0";"0.0";"0.0";"0.0";"0.0";"0.0";"0.0"
"Strategy 4.10.440(1)";"PASSED";"0.85";"NDXm_TICK_UTCPlus02";"M15";"5522.8";"";"726";"1.31";"1.33";"0.15";"18.41";"0.68";"0.0";"753.23";"1.12";"7.33";"1.24";"60.89";"52.22";"14.6";"14.28";"14.45";"4.96";"0.0";"0.0";"";"0";"0.0";"0.0";"0.0";"0.0";"0.0";"0.0";"0.0";"0.0";"0.0";"0.0";"0.0";"0.0";"0.0";"0.0";"0.0";"0.0"
"Strategy 1.1.364(1)";"PASSED";"0.75";"NDXm_TICK_UTCPlus02";"M15";"5059.62";"";"1232";"1.18";"1.07";"0.08";"16.87";"0.79";"0.0";"1369.52";"1.22";"3.69";"0.8";"49.86";"51.52";"16.02";"15.28";"15.68";"5.04";"0.0";"0.0";"";"0";"0.0";"0.0";"0.0";"0.0";"0.0";"0.0";"0.0";"0.0";"0.0";"0.0";"0.0";"0.0";"0.0";"0.0";"0.0";"0.0"
"Strategy 2.5.551(1)";"PASSED";"0.67";"NDXm_TICK_UTCPlus02";"M15";"4325.33";"";"1784";"1.1";"0.73";"0.05";"14.42";"0.78";"0.0";"1933.87";"1.05";"2.24";"0.52";"52.97";"50.68";"16.72";"14.9";"15.83";"4.66";"0.0";"0.0";"";"0";"0.0";"0.0";"0.0";"0.0";"0.0";"0.0";"0.0";"0.0";"0.0";"0.0";"0.0";"0.0";"0.0";"0.0";"0.0";"0.0"
"Strategy 4.5.548";"PASSED";"0.84";"NDXm_TICK_UTCPlus02";"M15";"7062.71";"";"1288";"1.19";"1.19";"0.11";"23.54";"0.9";"0.0";"1070.79";"0.78";"6.6";"0.93";"77.52";"50.64";"13.25";"9.12";"10.93";"1.89";"0.0";"0.0";"";"0";"0.0";"0.0";"0.0";"0.0";"0.0";"0.0";"0.0";"0.0";"0.0";"0.0";"0.0";"0.0";"0.0";"0.0";"0.0";"0.0"
"Strategy 1.7.563(1)";"PASSED";"0.77";"NDXm_TICK_UTCPlus02";"M15";"4293.98";"";"1094";"1.16";"0.94";"0.08";"14.31";"0.81";"0.0";"1055.6";"1.09";"4.07";"0.76";"54.54";"51.13";"38.28";"34.51";"36.47";"5.71";"0.0";"0.0";"";"0";"0.0";"0.0";"0.0";"0.0";"0.0";"0.0";"0.0";"0.0";"0.0";"0.0";"0.0";"0.0";"0.0";"0.0";"0.0";"0.0"
"Strategy 3.4.515(1)";"PASSED";"0.84";"NDXm_TICK_UTCPlus02";"M15";"5391.39";"";"853";"1.24";"1.18";"0.12";"17.97";"0.78";"0.0";"794.09";"0.92";"6.79";"0.98";"69.06";"51.47";"18.4";"15.04";"16.65";"3.45";"0.0";"0.0";"";"0";"0.0";"0.0";"0.0";"0.0";"0.0";"0.0";"0.0";"0.0";"0.0";"0.0";"0.0";"0.0";"0.0";"0.0";"0.0";"0.0"
"Strategy 2.10.413(1)";"PASSED";"0.81";"NDXm_TICK_UTCPlus02";"M15";"7082.22";"";"2157";"1.14";"1.11";"0.06";"23.61";"0.79";"0.0";"1286.79";"1.23";"5.5";"0.88";"48.29";"52.1";"13.87";"13.29";"13.61";"10.29";"0.0";"0.0";"";"0";"0.0";"0.0";"0.0";"0.0";"0.0";"0.0";"0.0";"0.0";"0.0";"0.0";"0.0";"0.0";"0.0";"0.0";"0.0";"0.0"
"Strategy 4.11.488(1)";"PASSED";"0.83";"NDXm_TICK_UTCPlus02";"M15";"5849.54";"";"991";"1.24";"1.23";"0.11";"19.5";"0.83";"0.0";"969.63";"1.11";"6.03";"0.83";"58.03";"51.88";"12.83";"10.75";"11.84";"5.38";"0.0";"0.0";"";"0";"0.0";"0.0";"0.0";"0.0";"0.0";"0.0";"0.0";"0.0";"0.0";"0.0";"0.0";"0.0";"0.0";"0.0";"0.0";"0.0"
"Strategy 3.9.531(1)";"PASSED";"0.82";"NDXm_TICK_UTCPlus02";"M15";"8118.65";"";"1586";"1.16";"1.08";"0.1";"27.06";"0.88";"0.0";"1380.25";"0.63";"5.88";"0.86";"96.69";"52.73";"41.61";"26.33";"32.25";"16.89";"0.0";"0.0";"";"0";"0.0";"0.0";"0.0";"0.0";"0.0";"0.0";"0.0";"0.0";"0.0";"0.0";"0.0";"0.0";"0.0";"0.0";"0.0";"0.0"
"Strategy 4.7.489(1)";"PASSED";"0.81";"NDXm_TICK_UTCPlus02";"M15";"6805.65";"";"1923";"1.14";"1.07";"0.07";"22.69";"0.82";"0.0";"1291.1";"0.99";"5.27";"0.68";"58.95";"51.24";"34.59";"29.96";"32.26";"13.74";"0.0";"0.0";"";"0";"0.0";"0.0";"0.0";"0.0";"0.0";"0.0";"0.0";"0.0";"0.0";"0.0";"0.0";"0.0";"0.0";"0.0";"0.0";"0.0"
"Strategy 4.6.458(1)";"PASSED";"0.81";"NDXm_TICK_UTCPlus02";"M15";"8449.39";"";"1751";"1.16";"1.13";"0.09";"28.16";"0.89";"0.0";"1543.1";"0.7";"5.48";"0.72";"84.98";"51.15";"31.6";"23.0";"26.54";"8.28";"0.0";"0.0";"";"0";"0.0";"0.0";"0.0";"0.0";"0.0";"0.0";"0.0";"0.0";"0.0";"0.0";"0.0";"0.0";"0.0";"0.0";"0.0";"0.0"
"Strategy 2.4.406";"PASSED";"0.76";"NDXm_TICK_UTCPlus02";"M15";"4825.21";"";"997";"1.18";"0.95";"0.09";"16.08";"0.77";"0.0";"1238.4";"0.86";"3.9";"0.63";"69.47";"50.97";"22.07";"16.06";"18.85";"3.45";"0.0";"0.0";"";"0";"0.0";"0.0";"0.0";"0.0";"0.0";"0.0";"0.0";"0.0";"0.0";"0.0";"0.0";"0.0";"0.0";"0.0";"0.0";"0.0"
"Strategy 4.2.509(1)";"PASSED";"0.81";"NDXm_TICK_UTCPlus02";"M15";"6839.62";"";"920";"1.23";"1.16";"0.14";"22.8";"0.89";"0.0";"1253.77";"0.62";"5.46";"0.91";"102.82";"51.68";"24.92";"13.31";"17.75";"3.4";"0.0";"0.0";"";"0";"0.0";"0.0";"0.0";"0.0";"0.0";"0.0";"0.0";"0.0";"0.0";"0.0";"0.0";"0.0";"0.0";"0.0";"0.0";"0.0"
"Strategy 2.9.316";"PASSED";"0.82";"NDXm_TICK_UTCPlus02";"M15";"7553.99";"";"1712";"1.15";"1.07";"0.09";"25.18";"0.88";"0.0";"1329.66";"0.76";"5.68";"0.8";"78.19";"51.89";"35.13";"27.04";"30.54";"8.87";"0.0";"0.0";"";"0";"0.0";"0.0";"0.0";"0.0";"0.0";"0.0";"0.0";"0.0";"0.0";"0.0";"0.0";"0.0";"0.0";"0.0";"0.0";"0.0"
"Strategy 1.8.415";"PASSED";"0.76";"NDXm_TICK_UTCPlus02";"M15";"5401.06";"";"1120";"1.18";"1.01";"0.09";"18.0";"0.85";"0.0";"1391.69";"0.88";"3.88";"0.78";"68.43";"51.1";"26.3";"21.92";"23.97";"5.71";"0.0";"0.0";"";"0";"0.0";"0.0";"0.0";"0.0";"0.0";"0.0";"0.0";"0.0";"0.0";"0.0";"0.0";"0.0";"0.0";"0.0";"0.0";"0.0"
"Strategy 2.10.349";"PASSED";"0.74";"NDXm_TICK_UTCPlus02";"M15";"5158.81";"";"1937";"1.11";"0.88";"0.05";"17.2";"0.84";"0.0";"1502.65";"1.17";"3.43";"0.61";"49.06";"51.69";"27.6";"25.23";"26.51";"14.16";"0.0";"0.0";"";"0";"0.0";"0.0";"0.0";"0.0";"0.0";"0.0";"0.0";"0.0";"0.0";"0.0";"0.0";"0.0";"0.0";"0.0";"0.0";"0.0"
"Strategy 4.10.341";"PASSED";"0.71";"NDXm_TICK_UTCPlus02";"M15";"3308.38";"";"1107";"1.12";"0.72";"0.06";"11.03";"0.84";"0.0";"1204.15";"1.01";"2.75";"0.5";"56.53";"51.04";"41.78";"38.81";"40.3";"6.26";"0.0";"0.0";"";"0";"0.0";"0.0";"0.0";"0.0";"0.0";"0.0";"0.0";"0.0";"0.0";"0.0";"0.0";"0.0";"0.0";"0.0";"0.0";"0.0"
"Strategy 2.3.405";"PASSED";"0.81";"NDXm_TICK_UTCPlus02";"M15";"3336.14";"";"676";"1.21";"0.93";"0.1";"11.12";"0.83";"0.0";"633.47";"1.19";"5.27";"0.82";"52.1";"51.09";"13.59";"14.77";"14.13";"1.43";"0.0";"0.0";"";"0";"0.0";"0.0";"0.0";"0.0";"0.0";"0.0";"0.0";"0.0";"0.0";"0.0";"0.0";"0.0";"0.0";"0.0";"0.0";"0.0"
"Strategy 3.2.497";"PASSED";"0.83";"NDXm_TICK_UTCPlus02";"M15";"6954.32";"";"1131";"1.24";"1.34";"0.12";"23.18";"0.86";"0.0";"1120.71";"0.98";"6.21";"0.87";"64.77";"51.55";"18.19";"15.51";"16.84";"4.12";"0.0";"0.0";"";"0";"0.0";"0.0";"0.0";"0.0";"0.0";"0.0";"0.0";"0.0";"0.0";"0.0";"0.0";"0.0";"0.0";"0.0";"0.0";"0.0"
"Strategy 3.9.364";"PASSED";"0.82";"NDXm_TICK_UTCPlus02";"M15";"8531.96";"";"2661";"1.12";"1.04";"0.06";"28.44";"0.85";"0.0";"1523.5";"0.87";"5.6";"0.73";"65.78";"51.4";"29.8";"24.41";"26.92";"15.67";"0.0";"0.0";"";"0";"0.0";"0.0";"0.0";"0.0";"0.0";"0.0";"0.0";"0.0";"0.0";"0.0";"0.0";"0.0";"0.0";"0.0";"0.0";"0.0"
"Strategy 4.10.467";"PASSED";"0.79";"NDXm_TICK_UTCPlus02";"M15";"6597.74";"";"1688";"1.16";"1.17";"0.08";"21.99";"0.87";"0.0";"1418.12";"1.12";"4.65";"1.01";"52.98";"51.08";"23.07";"21.39";"22.28";"7.98";"0.0";"0.0";"";"0";"0.0";"0.0";"0.0";"0.0";"0.0";"0.0";"0.0";"0.0";"0.0";"0.0";"0.0";"0.0";"0.0";"0.0";"0.0";"0.0"
"Strategy 4.8.543";"PASSED";"0.8";"NDXm_TICK_UTCPlus02";"M15";"7163.49";"";"1824";"1.16";"1.17";"0.08";"23.88";"0.86";"0.0";"1391.18";"1.05";"5.15";"1.09";"56.24";"50.97";"29.69";"27.13";"28.44";"10.8";"0.0";"0.0";"";"0";"0.0";"0.0";"0.0";"0.0";"0.0";"0.0";"0.0";"0.0";"0.0";"0.0";"0.0";"0.0";"0.0";"0.0";"0.0";"0.0"
"Strategy 4.10.466";"PASSED";"0.79";"NDXm_TICK_UTCPlus02";"M15";"6453.76";"";"1670";"1.16";"1.13";"0.08";"21.51";"0.87";"0.0";"1355.5";"1.12";"4.76";"0.61";"52.96";"51.22";"22.4";"20.58";"21.54";"7.98";"0.0";"0.0";"";"0";"0.0";"0.0";"0.0";"0.0";"0.0";"0.0";"0.0";"0.0";"0.0";"0.0";"0.0";"0.0";"0.0";"0.0";"0.0";"0.0"
"Strategy 2.9.443";"PASSED";"0.8";"NDXm_TICK_UTCPlus02";"M15";"6677.27";"";"1803";"1.12";"0.94";"0.07";"22.26";"0.8";"0.0";"1319.64";"0.74";"5.06";"0.7";"79.45";"52.37";"39.14";"27.19";"32.27";"16.26";"0.0";"0.0";"";"0";"0.0";"0.0";"0.0";"0.0";"0.0";"0.0";"0.0";"0.0";"0.0";"0.0";"0.0";"0.0";"0.0";"0.0";"0.0";"0.0"
"Strategy 1.9.570";"PASSED";"0.89";"NDXm_TICK_UTCPlus02";"M15";"11033.84";"";"974";"1.36";"1.61";"0.22";"36.78";"0.91";"0.0";"1074.4";"0.64";"10.27";"1.44";"109.69";"51.32";"27.67";"17.78";"21.63";"3.15";"0.0";"0.0";"";"0";"0.0";"0.0";"0.0";"0.0";"0.0";"0.0";"0.0";"0.0";"0.0";"0.0";"0.0";"0.0";"0.0";"0.0";"0.0";"0.0"
"Strategy 2.10.351";"PASSED";"0.83";"NDXm_TICK_UTCPlus02";"M15";"8646.4";"";"1699";"1.2";"1.38";"0.1";"28.82";"0.89";"0.0";"1430.28";"1.04";"6.05";"0.73";"60.29";"52.16";"27.46";"23.43";"25.48";"12.35";"0.0";"0.0";"";"0";"0.0";"0.0";"0.0";"0.0";"0.0";"0.0";"0.0";"0.0";"0.0";"0.0";"0.0";"0.0";"0.0";"0.0";"0.0";"0.0"
"Strategy 4.10.473";"PASSED";"0.84";"NDXm_TICK_UTCPlus02";"M15";"9340.0";"";"2308";"1.13";"1.12";"0.08";"31.13";"0.92";"0.0";"1425.42";"0.66";"6.55";"0.85";"85.7";"50.17";"27.48";"19.71";"22.81";"1.76";"0.0";"0.0";"";"0";"0.0";"0.0";"0.0";"0.0";"0.0";"0.0";"0.0";"0.0";"0.0";"0.0";"0.0";"0.0";"0.0";"0.0";"0.0";"0.0"
"Strategy 1.8.541";"PASSED";"0.85";"NDXm_TICK_UTCPlus02";"M15";"7047.05";"";"699";"1.32";"1.27";"0.19";"23.49";"0.82";"0.0";"923.71";"0.63";"7.63";"1.11";"108.65";"51.96";"24.86";"16.25";"19.58";"2.82";"0.0";"0.0";"";"0";"0.0";"0.0";"0.0";"0.0";"0.0";"0.0";"0.0";"0.0";"0.0";"0.0";"0.0";"0.0";"0.0";"0.0";"0.0";"0.0"
"Strategy 2.8.528";"PASSED";"0.79";"NDXm_TICK_UTCPlus02";"M15";"8809.02";"";"3312";"1.12";"1.18";"0.05";"29.36";"0.86";"0.0";"1909.73";"1.23";"4.61";"0.79";"46.38";"51.06";"15.6";"14.95";"15.31";"11.26";"0.0";"0.0";"";"0";"0.0";"0.0";"0.0";"0.0";"0.0";"0.0";"0.0";"0.0";"0.0";"0.0";"0.0";"0.0";"0.0";"0.0";"0.0";"0.0"
"Strategy 4.4.419";"PASSED";"0.72";"NDXm_TICK_UTCPlus02";"M15";"7477.78";"";"2131";"1.13";"1.09";"0.07";"24.93";"0.74";"0.0";"2440.11";"0.89";"3.06";"0.86";"63.94";"50.23";"16.99";"13.51";"15.15";"0.97";"0.0";"0.0";"";"0";"0.0";"0.0";"0.0";"0.0";"0.0";"0.0";"0.0";"0.0";"0.0";"0.0";"0.0";"0.0";"0.0";"0.0";"0.0";"0.0"
"Strategy 2.5.358";"PASSED";"0.82";"NDXm_TICK_UTCPlus02";"M15";"6638.86";"";"1538";"1.16";"1.09";"0.08";"22.13";"0.86";"0.0";"1130.79";"0.92";"5.87";"0.78";"65.78";"52.23";"31.88";"25.4";"28.5";"9.71";"0.0";"0.0";"";"0";"0.0";"0.0";"0.0";"0.0";"0.0";"0.0";"0.0";"0.0";"0.0";"0.0";"0.0";"0.0";"0.0";"0.0";"0.0";"0.0"
"Strategy 3.5.453";"PASSED";"0.77";"NDXm_TICK_UTCPlus02";"M15";"4465.54";"";"605";"1.27";"1.1";"0.15";"14.89";"0.83";"0.0";"1066.03";"0.83";"4.19";"0.94";"76.92";"50.57";"22.4";"17.27";"19.6";"0.63";"0.0";"0.0";"";"0";"0.0";"0.0";"0.0";"0.0";"0.0";"0.0";"0.0";"0.0";"0.0";"0.0";"0.0";"0.0";"0.0";"0.0";"0.0";"0.0"
"Strategy 3.3.403";"PASSED";"0.88";"NDXm_TICK_UTCPlus02";"M15";"8727.16";"";"1560";"1.21";"1.47";"0.11";"29.09";"0.79";"0.0";"928.76";"0.94";"9.4";"1.2";"66.53";"51.41";"16.31";"13.06";"14.63";"4.41";"0.0";"0.0";"";"0";"0.0";"0.0";"0.0";"0.0";"0.0";"0.0";"0.0";"0.0";"0.0";"0.0";"0.0";"0.0";"0.0";"0.0";"0.0";"0.0"
"Strategy 2.8.536";"PASSED";"0.81";"NDXm_TICK_UTCPlus02";"M15";"10545.61";"";"1901";"1.17";"1.25";"0.11";"35.15";"0.88";"0.0";"1989.35";"0.64";"5.3";"0.98";"96.91";"52.68";"35.03";"21.05";"26.49";"14.03";"0.0";"0.0";"";"0";"0.0";"0.0";"0.0";"0.0";"0.0";"0.0";"0.0";"0.0";"0.0";"0.0";"0.0";"0.0";"0.0";"0.0";"0.0";"0.0"
"Strategy 2.6.390";"PASSED";"0.76";"NDXm_TICK_UTCPlus02";"M15";"5274.74";"";"1638";"1.12";"0.88";"0.06";"17.58";"0.82";"0.0";"1356.44";"0.92";"3.89";"0.65";"62.19";"50.78";"27.13";"20.43";"23.63";"7.98";"0.0";"0.0";"";"0";"0.0";"0.0";"0.0";"0.0";"0.0";"0.0";"0.0";"0.0";"0.0";"0.0";"0.0";"0.0";"0.0";"0.0";"0.0";"0.0"
"Strategy 3.4.316";"PASSED";"0.82";"NDXm_TICK_UTCPlus02";"M15";"9011.03";"";"1187";"1.25";"1.37";"0.15";"30.04";"0.81";"0.0";"1596.18";"0.71";"5.65";"0.74";"91.53";"52.03";"16.38";"10.98";"13.23";"3.78";"0.0";"0.0";"";"0";"0.0";"0.0";"0.0";"0.0";"0.0";"0.0";"0.0";"0.0";"0.0";"0.0";"0.0";"0.0";"0.0";"0.0";"0.0";"0.0"
"Strategy 2.5.351";"PASSED";"0.79";"NDXm_TICK_UTCPlus02";"M15";"9758.38";"";"2420";"1.14";"1.16";"0.08";"32.53";"0.87";"0.0";"2084.26";"0.73";"4.68";"0.94";"79.79";"51.44";"38.07";"25.38";"30.74";"18.45";"0.0";"0.0";"";"0";"0.0";"0.0";"0.0";"0.0";"0.0";"0.0";"0.0";"0.0";"0.0";"0.0";"0.0";"0.0";"0.0";"0.0";"0.0";"0.0"
"Strategy 3.7.502";"PASSED";"0.73";"NDXm_TICK_UTCPlus02";"M15";"7327.04";"";"2122";"1.13";"1.04";"0.07";"24.42";"0.82";"0.0";"2350.68";"0.95";"3.12";"0.82";"61.98";"52.17";"26.72";"22.67";"24.65";"15.29";"0.0";"0.0";"";"0";"0.0";"0.0";"0.0";"0.0";"0.0";"0.0";"0.0";"0.0";"0.0";"0.0";"0.0";"0.0";"0.0";"0.0";"0.0";"0.0"
"Strategy 4.1.350";"PASSED";"0.82";"NDXm_TICK_UTCPlus02";"M15";"9179.68";"";"1868";"1.17";"1.29";"0.1";"30.6";"0.9";"0.0";"1531.93";"0.81";"5.99";"0.82";"74.26";"51.39";"31.99";"25.99";"28.68";"11.26";"0.0";"0.0";"";"0";"0.0";"0.0";"0.0";"0.0";"0.0";"0.0";"0.0";"0.0";"0.0";"0.0";"0.0";"0.0";"0.0";"0.0";"0.0";"0.0"
"Strategy 2.7.519";"PASSED";"0.8";"NDXm_TICK_UTCPlus02";"M15";"7346.4";"";"1941";"1.14";"1.09";"0.07";"24.49";"0.88";"0.0";"1439.32";"0.94";"5.1";"0.76";"63.8";"52.34";"27.78";"21.97";"24.78";"14.45";"0.0";"0.0";"";"0";"0.0";"0.0";"0.0";"0.0";"0.0";"0.0";"0.0";"0.0";"0.0";"0.0";"0.0";"0.0";"0.0";"0.0";"0.0";"0.0"
"Strategy 2.10.453";"PASSED";"0.82";"NDXm_TICK_UTCPlus02";"M15";"7271.97";"";"1347";"1.18";"1.09";"0.1";"24.24";"0.81";"0.0";"1246.83";"0.75";"5.83";"0.72";"82.85";"52.64";"26.24";"17.34";"21.15";"9.54";"0.0";"0.0";"";"0";"0.0";"0.0";"0.0";"0.0";"0.0";"0.0";"0.0";"0.0";"0.0";"0.0";"0.0";"0.0";"0.0";"0.0";"0.0";"0.0"
"Strategy 4.10.375";"PASSED";"0.68";"NDXm_TICK_UTCPlus02";"M15";"5999.55";"";"1334";"1.14";"0.92";"0.09";"20.0";"0.72";"0.0";"2537.07";"0.63";"2.36";"0.58";"92.33";"50.73";"29.61";"21.44";"24.59";"3.95";"0.0";"0.0";"";"0";"0.0";"0.0";"0.0";"0.0";"0.0";"0.0";"0.0";"0.0";"0.0";"0.0";"0.0";"0.0";"0.0";"0.0";"0.0";"0.0"
"Strategy 4.5.336";"PASSED";"0.79";"NDXm_TICK_UTCPlus02";"M15";"6632.58";"";"1705";"1.15";"1.05";"0.08";"22.11";"0.88";"0.0";"1426.41";"0.93";"4.65";"0.89";"63.31";"51.17";"33.32";"29.0";"31.08";"12.02";"0.0";"0.0";"";"0";"0.0";"0.0";"0.0";"0.0";"0.0";"0.0";"0.0";"0.0";"0.0";"0.0";"0.0";"0.0";"0.0";"0.0";"0.0";"0.0"
"Strategy 4.9.430";"PASSED";"0.74";"NDXm_TICK_UTCPlus02";"M15";"7327.15";"";"1975";"1.15";"1.17";"0.07";"24.42";"0.83";"0.0";"2104.45";"1.05";"3.48";"0.89";"55.96";"51.09";"22.24";"19.98";"21.14";"9.71";"0.0";"0.0";"";"0";"0.0";"0.0";"0.0";"0.0";"0.0";"0.0";"0.0";"0.0";"0.0";"0.0";"0.0";"0.0";"0.0";"0.0";"0.0";"0.0"
"Strategy 4.5.452";"PASSED";"0.8";"NDXm_TICK_UTCPlus02";"M15";"7408.67";"";"1983";"1.14";"1.1";"0.07";"24.7";"0.86";"0.0";"1444.83";"0.93";"5.13";"0.88";"63.13";"51.44";"34.12";"29.53";"31.74";"13.11";"0.0";"0.0";"";"0";"0.0";"0.0";"0.0";"0.0";"0.0";"0.0";"0.0";"0.0";"0.0";"0.0";"0.0";"0.0";"0.0";"0.0";"0.0";"0.0"
"Strategy 2.8.300";"PASSED";"0.89";"NDXm_TICK_UTCPlus02";"M15";"7161.42";"";"611";"1.42";"1.53";"0.23";"23.87";"0.88";"0.0";"700.99";"0.84";"10.22";"1.63";"87.17";"51.68";"21.11";"16.99";"18.87";"1.89";"0.0";"0.0";"";"0";"0.0";"0.0";"0.0";"0.0";"0.0";"0.0";"0.0";"0.0";"0.0";"0.0";"0.0";"0.0";"0.0";"0.0";"0.0";"0.0"
"Strategy 3.8.412";"PASSED";"0.83";"NDXm_TICK_UTCPlus02";"M15";"5465.01";"";"1668";"1.16";"1.09";"0.06";"18.22";"0.82";"0.0";"877.02";"1.52";"6.23";"0.81";"39.34";"51.66";"16.86";"18.57";"17.54";"9.75";"0.0";"0.0";"";"0";"0.0";"0.0";"0.0";"0.0";"0.0";"0.0";"0.0";"0.0";"0.0";"0.0";"0.0";"0.0";"0.0";"0.0";"0.0";"0.0"
"Strategy 2.8.307";"PASSED";"0.85";"NDXm_TICK_UTCPlus02";"M15";"5622.07";"";"1437";"1.18";"1.2";"0.07";"18.74";"0.86";"0.0";"759.77";"1.43";"7.4";"1.0";"43.31";"52.32";"25.41";"26.88";"26.02";"12.1";"0.0";"0.0";"";"0";"0.0";"0.0";"0.0";"0.0";"0.0";"0.0";"0.0";"0.0";"0.0";"0.0";"0.0";"0.0";"0.0";"0.0";"0.0";"0.0"
"Strategy 1.1.398";"PASSED";"0.77";"NDXm_TICK_UTCPlus02";"M15";"5236.11";"";"1150";"1.22";"1.23";"0.09";"17.45";"0.83";"0.0";"1289.55";"1.42";"4.06";"1.0";"43.63";"50.78";"14.09";"13.59";"13.88";"2.48";"0.0";"0.0";"";"0";"0.0";"0.0";"0.0";"0.0";"0.0";"0.0";"0.0";"0.0";"0.0";"0.0";"0.0";"0.0";"0.0";"0.0";"0.0";"0.0"
"Strategy 2.8.428";"PASSED";"0.9";"NDXm_TICK_UTCPlus02";"M15";"13344.65";"";"1831";"1.25";"1.72";"0.14";"44.48";"0.87";"0.0";"1052.28";"0.79";"12.68";"1.78";"83.28";"52.47";"24.64";"15.62";"19.59";"10.88";"0.0";"0.0";"";"0";"0.0";"0.0";"0.0";"0.0";"0.0";"0.0";"0.0";"0.0";"0.0";"0.0";"0.0";"0.0";"0.0";"0.0";"0.0";"0.0"
